cookie_id,score
ck_315fb710a0e371e7,0.000880987445973583
ck_a76ee3b3e3e522fd,0.028576656571259147
ck_94c9a4d382689e82,0.088234001261999706
ck_8eaf9509ad9462a0,0.00087946465552120074
ck_9a88a5a989cb5bc6,0.0074493249497768234
ck_15239ef0689c1a35,0.01156870721333929
ck_8de69cd219d3b87f,0.25274795896456825
ck_f92cd37022b0ce21,0.0085643882196185048
ck_1a3ff7620580a514,0.0059635901386101021
ck_397c03aa33a57310,0.15901896408093524
ck_a7cf6c3b322f6b7a,0.0034503025961731461
ck_c39a9e75760e3201,0.0051886691564721685
ck_88ab6d245228c38e,0.00046152928355477522
ck_17733f75ebdea93e,0.0028530624164823477
ck_58eb871e8d7bed52,0.034914389069571436
ck_e55b7fa67db1ec27,0.0012841100154372467
ck_62f5cfe22c952694,0.016399683703405041
ck_7fbb709a0fe95759,0.0022327078167890839
ck_87abe9cd066a20fb,0.012235645888412817
ck_d58e058b5c553dd5,0.0080763296927535422
ck_d27b872648b71202,0.0022710483528954359
ck_4b4a3c5b95c55b43,0.00050150164352746646
ck_66dd4f4b4127256d,0.0012209622880169813
ck_93cc12703b500613,0.065763544980706579
ck_d28806a2179092eb,0.99455439489239339
ck_0595c2a0c7881e05,0.0064087017680841563
ck_50087d8666191144,0.25619098641236826
ck_b08b3f089138c901,0.010868175868609197
ck_fe3b67041dad2dd1,0.00084423298278417673
ck_8449a28f7d475d93,0.041887252565415228
ck_8642e3b6d84f49d3,0.0095226454927855378
ck_e49b5e4f2f2e79db,0.42892708985821926
ck_437afe412ea4259c,0.055556927948253482
ck_569b83668d74042d,0.91641423452130399
ck_233a487d31c3e631,0.99431100814729623
ck_1fca72e03143a645,0.93227058906936677
ck_79205e31223df2ad,0.033744528097679041
ck_9625a64406ea16e3,0.0021850107742022295
ck_079bd18dacb704a8,0.20103427904736948
ck_4db6d4fd2b49aa81,0.0094397336684781917
ck_0dbefdac0a1868fb,0.00087192270657108638
ck_24ff97ad90bdd69a,0.02438836985456385
ck_77f8c5042065d506,0.0033261659879859845
ck_f11be8ce05382cec,0.014263695376511048
ck_c9d72140b0389216,0.0091250335123429938
ck_69eda24e931fb36a,0.00069506825361153961
ck_ed471e496916ee15,0.0010196059633607595
ck_ff090498c4b17ac3,0.0039361443043666091
ck_c3c19d6a0720915c,0.0028356958964779458
ck_af02e1817cfa40b5,0.031146972124653768
ck_2df5a9fc87553eb1,0.006426035604811425
ck_4ac918e884cff336,0.0080111941542971264
ck_ca149244b54ef3ad,0.00043840908101521717
ck_6babe5b8674ff51f,0.0081650485758123954
ck_1573878386886290,0.0050803419344191457
ck_3925f8565abb7fe4,0.0088297050035263166
ck_c4de808ae69c771f,0.00049363657808160905
ck_a777c813551281fe,0.011806091824307859
ck_df4424f6dd85080d,0.095272035027973781
ck_85e5494ec20383ae,0.013263106870744407
ck_f71a4094e889c3af,0.0015950546017890577
ck_f2f3cf9cd23b2809,0.017102003404712775
ck_18e2076397bcc211,0.024968075992727889
ck_c9f9fddef39bc664,0.013762754024927073
ck_7e826e233d6ea028,0.0032354561525807148
ck_62fd7eb46bee9210,0.010682970443849745
ck_206f8e3cd72768f3,0.056796115395907593
ck_aa295a11b0a6ab36,0.0079772023476121119
ck_9a56739d81f84a53,0.001512941248372653
ck_aa075c418ed9fe5a,0.0090989480716495361
ck_62b9fb3db284941b,0.0033169018259368169
ck_f4f83b1403ebea46,0.0088193958264115718
ck_16b66bd803288bc3,0.3858547109073282
ck_c4ca1434f3778f1d,0.99549208459124028
ck_1b823610371a29c0,0.0048342536085297441
ck_c2bd5a722aa637d9,0.0060029663736390591
ck_7890208951df34f0,0.0059869122107439159
ck_020eb0e454524ecd,0.0029083744013201356
ck_3b66196ccf436c35,0.0026147877131808242
ck_109fc467ec0a4af5,0.036553889253326546
ck_f3dcd818db92de7b,0.014358370907966966
ck_31e7742f160980ef,0.015649025902234374
ck_77fce5f86f00b8f4,0.27192700303293971
ck_46bc797b4d07d607,0.0011407991004175235
ck_37899b1b571b1c6b,0.016036437343911795
ck_ef8a6af43fedd464,0.0025581163912082113
ck_bcc8519fe8521038,0.021082543366139406
ck_90696b7182dd9129,0.013615532743114191
ck_4a24ad61d017e1ba,0.016566522329694196
ck_0acc3d8c67218b9d,0.0081889162525717301
ck_05c97fc9de11aba6,0.16066961100287538
ck_f8ac3a0500c0ec62,0.0057345738940159157
ck_617b65141f546a1c,0.0018856744915735622
ck_9d00823bf60388d7,0.0054581887900098736
ck_123c15d93f1840f2,0.042594011944670204
ck_573feefba6bf78bb,0.04196121743182625
ck_b25657bd16739036,0.0052698685243014673
ck_bd26d2bef14a8597,0.0046444154882522353
ck_a553418f2fba1440,0.025342991396993329
ck_89f3e380b0686963,0.017462102064899943
ck_b359192aa659bdce,0.041337471189072862
ck_02241f3dc301bebf,0.013500437417441755
ck_5ccc1a1c78cb33ee,0.090294818127515108
ck_349cc5edda1b8853,0.010731422762106336
ck_e9f228845bf6e28b,0.088914979770479435
ck_0a45d033d4e280ea,0.019113870618743537
ck_7e63168dda612235,0.002490655661573641
ck_676fa5f6aae5475b,0.0029646759825486583
ck_74b502b20690ccfe,0.018010582574203671
ck_073509af21dd7f5f,0.47950830437201863
ck_498a0acd450944d8,0.0013698103910855658
ck_7f15b50b29dead01,0.0091821954346011456
ck_8089fe7403c5f537,0.0026384872690883698
ck_05b2b04e11d9ae9c,0.014401967389390969
ck_31e70f2f04b48b88,0.00080810884939772369
ck_994316fa5a02b319,0.003212204386247695
ck_b76510998b9a2260,0.0029716160997766018
ck_4db95c310e105d30,0.0027718792670369747
ck_6f730b77dc6cdb84,0.0028104067085520882
ck_2493ee8e7b91d304,0.019583919685412308
ck_92d679d6ac7dcdcb,0.059313100690182058
ck_3a0e0200cbb185cb,0.011335959930938879
ck_0b2eeb4e00ff7955,0.015195406834040488
ck_9843d0e61c37ebe8,0.99311096605271498
ck_e61c8721e3ef1921,0.0041476859407474382
ck_2e0eedaaf2980c2c,0.0013918027388034361
ck_9036b2e5e9298a34,0.0036025914032087759
ck_3265442528d51728,0.050548590491355988
ck_f2ddae2eb1cb29b4,0.0022916180711470193
ck_6cfa71d27fc27f92,0.010480630009971854
ck_f3199fbe84a28b9a,0.024784187487137739
ck_b78d785ca3ef773a,0.0070486967444689259
ck_374865697f1480eb,0.013764910673648337
ck_06d0e4a9189302a9,0.019720034129891154
ck_9c9884b9bcaa552e,0.19169881591814281
ck_fd4cf578e87703ff,0.023436348634332492
ck_1917ef3e6e345549,0.17604826693796652
ck_e70418b00cbbbac9,0.025530978272792278
ck_a60388296a47062c,0.027435234195366733
ck_d598fe8d2c779ab9,0.0065222398806802301
ck_646dc03de4c31803,0.50353855409077064
ck_e4fd8cbd842b6993,0.0029067672528888732
ck_2225b555aa2a42ed,0.024730362942481356
ck_6be8ae9d78148882,0.0035721500550083933
ck_4199342d3aca74e8,0.030383241257403468
ck_779581adb573261f,0.020669472008997609
ck_bb303568b6915205,0.06777666379255258
ck_17c4296276448afe,0.017477582135541708
ck_a60a61ac829252a0,0.0044968412667566095
ck_6ea70950c1cae00b,0.97390359497845802
ck_1abb93f6924645e1,0.010483083448621752
ck_faab769cce19879a,0.066101468376021821
ck_d5b8e74e7ca6355a,0.025520193041779767
ck_f11f7691af16ad07,0.00051815710511727772
ck_188fdf2be7c92e9d,0.98675548096109611
ck_4a103f8254b366f7,0.0034792722955457678
ck_bfa17a0b1760e616,0.0020179401287826991
ck_a4d7f6a5869d440a,0.96189819179942271
ck_58e20f5a3e7f11b8,0.81707952921753058
ck_4becdd3d2696c7ba,0.0034305038697251895
ck_dad5cf32ab9f243f,0.0023349283280235883
ck_7d9f73dc7c4f90c3,0.12860859167731806
ck_c19371047a2d011d,0.0011366069169961681
ck_247589ff532f7aa8,0.0073914587898473733
ck_7a9f241d5f082567,0.0017425427121856439
ck_0a2b7078736b4dda,0.0019954241666423041
ck_687b412e2aac7eb6,0.023519471176236807
ck_fce0b6855886a0b8,0.010152760192431713
ck_e291cc60920456d0,0.16410990224292865
ck_04219a7ea798db51,0.061590651329387576
ck_286bfd719836e9f3,0.065564316816803941
ck_55efc92394fee232,0.0065122662181898456
ck_e36c8da1bd359960,0.016975944902228833
ck_34b0988a97d96902,0.0031387039898125822
ck_e0fb11fc9dcb34e6,0.0090952429438091835
ck_bcc9cbc9ed8b7c31,0.0062978531986891033
ck_3df8da6f60a89a5b,0.027525209299510627
ck_b1495ee5c59a6b28,0.0072887229712902419
ck_58f4c3ac61fda129,0.067483171063178804
ck_735f244b99e3aa8d,0.004594586549385566
ck_6b93bd8abf87b1d6,0.94271869237311012
ck_12107dacc6d05bd1,0.00084628295598751242
ck_f96db2a1f3448d1f,0.0088088782374203187
ck_8fd91a3c99e19097,0.017334568653315126
ck_910205d25388a0ae,0.00096385309009568208
ck_d229dfa0e4442628,0.00084664415691016056
ck_7cdec61e1c488798,0.033271536328279679
ck_f66f06e24ff32671,0.013938848915350252
ck_350bf14e90b503f5,0.0063091388658661884
ck_61fff5fdaadd394b,0.0042194541698705569
ck_e934f984bad2ff91,0.53022741448994126
ck_ff6a6d3547dd2d37,0.024761976562023367
ck_65ad9b15979e3247,0.010174946525759371
ck_bbe1a2ea5a403ad8,0.42372352708697686
ck_6f3a28eecd2c4031,0.019988450674685406
ck_a89b66665714058f,0.0087660229762882638
ck_918c92182b6817cd,0.018323623302032303
ck_64f5eb4be9e7b8fa,0.4508624393244588
ck_d021fd497ea35fb2,0.0095719503452695309
ck_004de16f7d8a42ae,0.011650969018503292
ck_a33d2325f86ab12d,0.0032308082354487446
ck_89790ff26c844bc6,0.0072086737889551517
ck_e6e7257377c37b28,0.020035470842850539
ck_a2cc3910a641a808,0.79278749925572722
ck_646e270e0195bf05,0.0034098954920974644
ck_baba5d66def0d770,0.098222896914872154
ck_67cdcdda3033842d,0.1863294670488897
ck_b5c3075c811a2216,0.010222696119896126
ck_515379973a8044b8,0.0030107382972525969
ck_c0ce85fb4109567d,0.040608164905745661
ck_fef850553862aaca,0.0017296560251763948
ck_55d7217b0aff9fa2,0.0023530150049406243
ck_8e139f8925ef7968,0.0045451357920773929
ck_9e35b908fca1e4d7,0.00098560958809735004
ck_59735f4ab2ad3da5,0.005810720959734365
ck_dc569c1167ccec0d,0.4305304226164679
ck_1dade5592f90a15c,0.026164046283133197
ck_793048d11fb8b328,0.10167048812920471
ck_545b71eb4fa594b5,0.0015696314635738038
ck_bd30853e9a57b544,0.0066347776157115448
ck_59f46321ecf6d306,0.0054236894647046192
ck_260cfe9141d249f1,0.18146861043266482
ck_3365a0ad1a8aa83c,0.0056604630802151177
ck_b0ef193195a2138b,0.0067870416181430738
ck_0f909705e2e60f2f,0.0024817889972043919
ck_5a540b75c866166a,0.023487919122925832
ck_87c26b2f41025109,0.98833874902185759
ck_27acc9f320cda104,0.077508588978227946
ck_a27bc31eecd9cb9a,0.0082217682075407701
ck_115d86fabde77b65,0.00084505486890215924
ck_eeca179341d56f8a,0.63867354457728565
ck_8e5999c436cf037e,0.00076885043903046667
ck_510e7c5df1f95d90,0.9888720518541676
ck_f1acf73363925958,0.013350220887452108
ck_3c177f5970b68bd3,0.0039802981065811338
ck_9cdfaa1c30cc9d32,0.00088195865208553885
ck_c8efa1538b37c359,0.0048820608547791786
ck_a8a2e296f9804bd7,0.032803279826378533
ck_91a0ca45f429568d,0.0064851282247872285
ck_5fdf8a0bdbd3ed62,0.0081148946611374947
ck_0f4e2ec66d50da5f,0.0021154670278155617
ck_28c53b214b2ee882,0.11394465077144639
ck_003148504557f720,0.12311325374506582
ck_01d840cffb870615,0.42685551022248336
ck_555848d51f4b5f35,0.034489512721038201
ck_df20cc23b8fb8e22,0.0040848388420382832
ck_f9604adde929beff,0.0018203018192961646
ck_d66952b03591bdec,0.0042112760887636986
ck_ddcac1ab765ff61a,0.0086510372633677255
ck_347386629d96c664,0.0074933593009958652
ck_ab01db9117acfe3d,0.0038473451267514161
ck_58e5359efc52e0ad,0.0021657392253628654
ck_1a524b5cc8da71b3,0.081327257119736346
ck_e9287b6d909d731f,0.0025495668082991399
ck_bb41a66e3d90263b,0.15360315143022579
ck_e95c8cc1864bd584,0.0016144760945633176
ck_7a3f2961e9a8b6dc,0.0037923577550978138
ck_378a9df82b1e0bee,0.24814618324056534
ck_42633573639a3f02,0.97882966606814081
ck_2a5a4c18c2c7274b,0.0068325377427412154
ck_77549c1a41f837c3,0.010861217459590469
ck_a26704b5b26258b7,0.0037182494030173672
ck_9874ad160efddf50,0.0039350663647725109
ck_9111e3a04b14dfba,0.024252552364826169
ck_651e076ee43aea85,0.0026761922127356542
ck_391639c0f13932f3,0.00098984956082660944
ck_02dbabda93c8c13d,0.028873659582489726
ck_0adcb1fffcb0a34b,0.02078874348058532
ck_7a43ef9c7b1c67b5,0.0020122708377427359
ck_4b9dd69946438d0b,0.0068212992657042636
ck_90bf017cdd37b66e,0.03385872068306104
ck_61c74163eb36556e,0.011679525086122486
ck_13376c59b5bd6943,0.0016425647310868898
ck_62337eccb1672737,0.010981645377894374
ck_16077934338472bf,0.0014081510905433183
ck_0d4dfd93086e7330,0.0026433782087707984
ck_3865b7525b910893,0.0059537735065119269
ck_7e2ae8b69ebd5675,0.0044582309620978776
ck_b4384b6c11766ce7,0.0072349723484543219
ck_3d7fa32dfb9fc692,0.045684338146294301
ck_f4a6a7cadd6e0603,0.17828087290768388
ck_212525e2828a6c45,0.0044434465908235205
ck_33ad8d53394ba77a,0.44486631349637773
ck_a5051eafe8b51224,0.0067270628261204592
ck_f65e5ff7da565f91,0.0035705746375136529
ck_5c37f7563fa7591d,0.0046183756565545738
ck_f1e0a006068aff29,0.0077061441111887386
ck_c646cdead6fb79d0,0.011233115925162414
ck_f8b3cdffef535330,0.040864818275957226
ck_e5cdbe3aa12c97f6,0.0046707738766143207
ck_986e4e61440506d0,0.074223056539763216
ck_6da9c5912e15d9a8,0.0016111945282662385
ck_51d842e6dae74c71,0.0022112311281108636
ck_5fc65c24e0736d5d,0.7145373892130511
ck_babb95a76c69509d,0.028841978141438494
ck_86a2d852a9715432,0.041790862022735076
ck_db4083a0d043def8,0.16790708550843503
ck_96953b8945b7d403,0.0033995546289197404
ck_7831ca5c31fb3859,0.051532382996186732
ck_60ac5e5f375daa38,0.048418809622994816
ck_05d44eb1f5f085ce,0.012532565331014661
ck_432cc19c7eeaa46e,0.011259519878098197
ck_7fc513033af061af,0.044442713493379561
ck_ada6ede84c111719,0.0035561471805165955
ck_6343e0d3b1c2962b,0.0045404792498591456
ck_010264ae04f2e902,0.12027404070000688
ck_e9dcf535f8c289eb,0.056183407133987437
ck_37143d9cc296e6fa,0.0051295804867066419
ck_61fa051192f3e810,0.026960662595831027
ck_f9f93d1d41be1468,0.57638687416243917
ck_c4f4f28457be8a74,0.00068722375498249378
ck_323a71f9452d21cb,0.23527638550970653
ck_170f4688e0acd875,0.032744508550066748
ck_869b1878d09d230d,0.17648391877692865
ck_2f6b33bf46976229,0.001142126274369214
ck_b11e22e75d9b99de,0.001007967481967636
ck_123d75ffb75b606d,0.0054315008904591514
ck_94295287a04c85d2,0.24067220129538178
ck_1b0434f096795328,0.0043934894921111422
ck_0a4e191cd0a57ce1,0.0011152846957340806
ck_d2fbd0df99634676,0.0076289492706286951
ck_d51df5e9fbbbcc94,0.030464228043187627
ck_2d3d7d64a6f443f8,0.0070784724737858896
ck_731943c682c9394e,0.0074017497111844213
ck_5ccc0c94e5e1f849,0.011709814653708028
ck_c3476080516db25d,0.012201959384666439
ck_5010ffb1c94187b5,0.0016493764909416614
ck_7ef666d67bc70223,0.010317815355811378
ck_c1b493527224a27a,0.0047933460984628581
ck_5d1e25d7acc5af9a,0.0088483385257819309
ck_ec30b61cbf517db8,0.0010328392933689381
ck_79323eb5d2e5efae,0.002465464629117124
ck_4085cd3bf2661518,0.0097501106640891927
ck_2ca91214c357c072,0.1507617824921787
ck_7f3132d6be389657,0.054395623637382887
ck_e7a6b925c8f39a85,0.017037809279475645
ck_c886adec7bac250a,0.024371843058490397
ck_c3f360c2d0ea0a37,0.0086801304774901198
ck_a7acd5b015823793,0.0044851050802751837
ck_9d64187c0800f84e,0.0094728692427782247
ck_5d4ed73b9efd7d11,0.0057865022629588151
ck_874eca6776b34dec,0.00094123205822343905
ck_96a9221a87be93c3,0.055031661236701855
ck_68dd79a51eabf5e6,0.01072232105721521
ck_8311cb6755b2016c,0.0036730769940212646
ck_16fc77b2bcf5ec03,0.94887889365377398
ck_ad9e2088a33c8c72,0.00054543459085617412
ck_7176bbc97b1e42a1,0.0026152592212982449
ck_80dfa54b30f65fff,0.82718954514482435
ck_31c54d540b128843,0.002908911409311668
ck_43ea894480567274,0.017612257527208557
ck_9c9e8a38bd5a6c88,0.01064454658311095
ck_1c2dcae19539e148,0.058576027347638025
ck_b0fa8b84e94d8ae0,0.0085958046433857339
ck_4ceb43ccd0a81c2f,0.0063851842957206393
ck_ba845332b730b596,0.0015877995425205708
ck_73d3e8c6077f61e6,0.057025244953098457
ck_b5d0d223ef56473f,0.011418111196756831
ck_949f08f8e80e93ea,0.0021374923597341448
ck_73de0b49709e5f8c,0.0019552845839461092
ck_b5935e9722a39819,0.064329958997125902
ck_96247fee0eb44420,0.0031073246998505246
ck_a6def1e4b2d57e0d,0.02123886641687741
ck_aecdc5a96321a2d8,0.0063010065690957285
ck_bc61c59970f8de49,0.020923354976481345
ck_c43b4175fc9ac5bd,0.62746128734924
ck_8ff7a9b23a55fd62,0.0062143202092072346
ck_20c99b645f462449,0.003271971851889446
ck_a5ce2ae36fb410d9,0.00079378682322364614
ck_96fb9bf556842bbc,0.010440436652811014
ck_b5e4c6dbbed1b773,0.018504123113410646
ck_2085433978e72ea9,0.031176499735112342
ck_2c6b174b063ec637,0.012751189553225828
ck_b20b81b88dabe28d,0.00160994865139422
ck_243c18dbf150831c,0.0028319485925907273
ck_2bb6a17e8eee35cc,0.06098532714310622
ck_66147fb994495396,0.2874040927606264
ck_73f124f075ede0fc,0.0071706757653251579
ck_2e315f1b1e533dab,0.001723909695852812
ck_16c7bf94ed3e7a6f,0.002124057241229695
ck_4a0eae220a762ac5,0.014534974259258468
ck_dc16f939c2f44ad8,0.063050424032858932
ck_817926b449754917,0.0044163883264573024
ck_0c0dde42ab64ef87,0.023302553401275471
ck_cb3a40594da6a2ee,0.040548798867949071
ck_d0dc156441fcfdcb,0.029392521202301528
ck_66f0945add423e9e,0.02953369082415036
ck_a74f6a3030f5d495,0.029484102735824649
ck_1ae460f331e49ae2,0.018719449359603488
ck_2d177b2f4f0b40c9,0.33419899133154618
ck_92e474e4368c4791,0.0059384997448279232
ck_3dee83fa2d109484,0.0013473375292916328
ck_80e5ea27848069fe,0.0027190730935952086
ck_ed0c4a83701ca230,0.0062781275138202829
ck_0b8b7c5c581fd161,0.00061228913900728465
ck_60bf8a2870956fb1,0.010944403149491591
ck_73a54b56a2bf35fe,0.76839636161334179
ck_2296d7a563424883,0.0051666914539200293
ck_bc19c383560c7477,0.0094998972714734412
ck_861d8e3d88f1079e,0.079695469993800644
ck_3f090fc96c24eb28,0.0011160769259288717
ck_9a6a1f8102febfca,0.027959848142363998
ck_541b6ad5d2fa5a39,0.010436414355249968
ck_a760d38d1bc4de97,0.001389078312845416
ck_7dca4d7ee10b4eeb,0.0019469350176623042
ck_15220e78d1545e40,0.010859730359038897
ck_ca24bb0de508efb0,0.0025405484451425289
ck_56b389627d8f02c5,0.99237539855211776
ck_48a6754977a44db0,0.0058474950721637865
ck_333a43ec339a04cb,0.028065090286435446
ck_f22aacaf86a65d7e,0.038541799457115028
ck_04bd8a1ffaf3ffd8,0.0021725488848525743
ck_2737a72de6b700f3,0.1379345644985327
ck_c35e03b0dd0c3454,0.0056524739602297428
ck_e0571312f395cd94,0.0029557137635819637
ck_09fab6b9825001b2,0.0021302370309950322
ck_18c3a095606209e8,0.0048151593827157457
ck_2a97db9377d01e36,0.0037560194913598176
ck_f29dbbfdd2786bd1,0.010425791065358824
ck_35d6c510ad29362e,0.35716102730999522
ck_5468fa99c945d785,0.0058022527424639904
ck_6f8102f62c876cc9,0.026187449913445165
ck_91955aab3424ad16,0.0039180644837537373
ck_9a43c0c73a39d759,0.01622772480685707
ck_60b023af6d1e30bf,0.57278110707026808
ck_9704c5cf8659cedc,0.017080239523041219
ck_7e5f02b51b9f78bf,0.052974099592115742
ck_7d3a88d1aa649708,0.83665729933874255
ck_8250eddc1ecb07a0,0.059147298289563305
ck_d979ef95ee44023d,0.018963614466264489
ck_5e5461dac83531ac,0.014377097805258955
ck_d1bb8890081e0a31,0.014823887041706407
ck_32246c62640648d9,0.002397631847865781
ck_77a40c7d2f862a32,0.01810606923499225
ck_1c8b94efe9238f5b,0.0015746988617142269
ck_eaf3b6d11bc3cb11,0.0016158394632879737
ck_a4a7ef3ad799c380,0.0075418055778011008
ck_d5bd8f68da073cd8,0.0082869126957611731
ck_6e6258227fc8db7f,0.00087831281163913027
ck_c35d444e05799db6,0.013469096215912043
ck_74665e1209140ae8,0.023494668115936541
ck_353a272478f7e903,0.0028298458221978546
ck_a2c9796ea229a4e2,0.002489075492496958
ck_e0171f91cb3411fe,0.0098631722104888849
ck_703499f5410280f7,0.0019726541801497839
ck_ae3a763997f8f385,0.02612390339900713
ck_f7ff94c3df5ac874,0.01903893519033718
ck_f3c16d8f747db046,0.03509591430246839
ck_7ef019ed77276496,0.0024427574517204599
ck_d6a4faadab58a3de,0.0057514082190679361
ck_ba7b78d31d74c794,0.011865140489337732
ck_36287d063350ce9d,0.0032527062027133159
ck_5177fc7137ff26ce,0.0011764513519225649
ck_dfd4e79aaa967b63,0.0057998565633703546
ck_fb44d15fb93a7157,0.011551904461898797
ck_fca478361870a4ca,0.0049309377313192498
ck_e57b94fe57341058,0.01683229866388285
ck_5448c946cc4758fe,0.0044080151500982528
ck_c5ece5ffb8800ad4,0.0058126180911500314
ck_11cb98211b2ed134,0.93605507790858822
ck_f655399ac75c4450,0.0036297712106665159
ck_c817259019588d30,0.0041293859235452457
ck_8740a14d8096c6e1,0.021419447895295429
ck_0c5ba86f4e05b38d,0.012246436882571914
ck_ccc917533d4b73d4,0.014392056928437546
ck_9eb80edfa43203de,0.0038192140591568275
ck_d1a1cf4cf61d6801,0.01858418800460249
ck_b17c239f160e6017,0.0047468174123281928
ck_410c3e13b48e0415,0.0013834519780191992
ck_ab553954435e8854,0.90474398300081127
ck_bdbb4230c91e1604,0.018349539262427723
ck_8fd4937eadd64fb6,0.0012961673685059352
ck_e0e90b196bef3c11,0.00086245909264245869
ck_3dc4d464386f0eb2,0.21003371533022311
ck_51bbbf8f8e8ad005,0.99435225708538788
ck_c05737ab74cf03c6,0.050770128645491699
ck_dceabbe04d99afc2,0.0015793630551375784
ck_5b86fd14e85bc9c7,0.70356144921471397
ck_d4febf0083800424,0.012720521202373583
ck_77d9f86dcf251739,0.0066324587320004923
ck_b4dcebc543deaafb,0.023558982126777178
ck_cb856e75c949b0cc,0.00069908101052965099
ck_61b067de8ffc1ca1,0.0095947424134288535
ck_c0e8560ccfd9dd9d,0.0016720858209715093
ck_173e1198c341087b,0.0016134161270517987
ck_b4d55bc809000276,0.018965212077692549
ck_839bf139296b5cea,0.0080611393851377708
ck_78cd402a2a4f2e35,0.0042630555305925525
ck_c2925c50ebacbdba,0.0027873234399672666
ck_5e3bc76eddbdb0a6,0.0011457792428516411
ck_b7793edca26fc512,0.0043351759845346831
ck_d79bdf04d6f31cd5,0.0046363776039441036
ck_4b97d19ed946f503,0.0064107347245742005
ck_37139b41c5370523,0.093432214110503786
ck_8c346eeefa9ce692,0.012066524556121987
ck_2ab7eddee2d8c49e,0.0032581959754238408
ck_29da59ea3bffb9d8,0.18005152838457894
ck_c1d05ef0ec6e4be7,0.0033295399639006345
ck_3882423b449f6291,0.93380568509481265
ck_5647030283171ed5,0.54101921484411275
ck_efbdcd9c181e72ca,0.0083282776386421828
ck_192fdad892782daf,0.10931442391124091
ck_0bf2e13b9f2601ac,0.023220865427221505
ck_3d6046a533057795,0.0035682835506921627
ck_279a1d3a3836e5cc,0.0172258982614069
ck_c375e929becde422,0.0069506606806149802
ck_a59e90219939a1f0,0.0025771024053241132
ck_4e9fba1ec54c3ff8,0.0061916170753299558
ck_bcbd8588a13f5eef,0.0021589667795300542
ck_5f9a7ff990341bdd,0.002889341005990352
ck_e0403d507519b7d2,0.0081228101281864799
ck_c9490cb61aff5112,0.018794165398894523
ck_41dd44308e6a665a,0.16666713777892017
ck_76c23726cd7ca947,0.0046538525475062105
ck_9be551300209fa83,0.12889274926499844
ck_a98848eec6c9581e,0.02352349298844348
ck_61176dafb33b2d8a,0.74910100830907977
ck_92de019e05971ce3,0.0027608129254438935
ck_5d644224135d7c65,0.0071290198489244918
ck_c767fc454fa215d0,0.0020068424017104501
ck_5df85a8924e11f27,0.026182716267065025
ck_da2729307af06ed5,0.036499551394694886
ck_7c6b577174af7a78,0.0038047413109582795
ck_893b8afbe11301e1,0.0021325349167188551
ck_e06f6fed020ae014,0.0098059554391740494
ck_386680372fb54857,0.0032511003518206618
ck_7a7f3c4fe0c9d2ca,0.0035914447721011595
ck_f908b527c4db422d,0.032044290503538318
ck_ec2eee6a133e9a6f,0.035315391827693915
ck_d98934f9fe0b02b3,0.0012007360513818571
ck_398a1ed77b0130e5,0.0041267121359773616
ck_d960af7a55b892b1,0.0038791983110728471
ck_4637e54a9f79e2e7,0.0014263341245027003
ck_02b9f418524f6650,0.0093586423533248315
ck_d4b23804cebb045d,0.011787428447015738
ck_35b1939c48182a9a,0.0089869718026318861
ck_2dcbb71e39d64305,0.02947756577640686
ck_47a884dec960ff2d,0.0071965145194645905
ck_71fd8c346fde5cca,0.036016795791889836
ck_98e1992ac8e7d2de,0.040343383770158822
ck_ae7780327e210522,0.010631340659864309
ck_e6c584b4b1ad6d9d,0.0058880196120208858
ck_344b2e326a6c3dcc,0.0013706986523647272
ck_9aa899a5230b0963,0.021613100329620577
ck_e48d14d5b70ef5aa,0.012523516632275904
ck_59d380a0973b3951,0.011341684380822377
ck_11318f7c041a5ba9,0.006726071166087361
ck_7061786fe2f22f5a,0.020602230861023248
ck_e77529651c416cf7,0.0095890493392576451
ck_7f79878197340435,0.0037744151879583734
ck_b0a0fb0ee9ebf106,0.013663990573717023
ck_70c7679199776a90,0.0059273611759743817
ck_b9facd2210daca5c,0.04735752050436396
ck_9949f53c155b8dde,0.0035139341468412568
ck_1c607e24f2c4397a,0.0628589460923826
ck_aefd1ce3ce093cbd,0.0016035586150231686
ck_5a29b7018e43280c,0.00098928657427089974
ck_69eb0b2ccfbe5f95,0.012360586686353483
ck_fe037765aa465c58,0.0061205677131590287
ck_5e512ef5362a3dd6,0.006470996425340032
ck_544a9e80b7fdc279,0.006439655696927094
ck_7825494e654d5695,0.018836775783580357
ck_f1f2c3c623553f0d,0.0011843605525560436
ck_52730906e5b461eb,0.87262267292975615
ck_01e0689157fe9617,0.52542015027480948
ck_9da82e567074da9d,0.0088605303155548151
ck_6a17384072f904c0,0.091503533252751568
ck_8d84d771a21942a7,0.0015273997868221713
ck_39638880292782a7,0.0043241150932863378
ck_7d51c86e0eec72ac,0.0048937593907767626
ck_45f4c821c70d134f,0.56653722307324139
ck_0af3c13ba56ce57c,0.0012016634914240997
ck_0789a05e061b2784,0.20464528477098665
ck_6ba091eb42ffa9fb,0.044472453611581877
ck_265accb3c5c32620,0.056335236075873429
ck_179039559ff7566c,0.019901146904214316
ck_17c0a6a92b5765cf,0.0060008781789088628
ck_59371c9140239fd7,0.010990128100253571
ck_f9c4f8b4ce2691f0,0.0082331219091901983
ck_a2637e4872cf4811,0.19472893971274668
ck_1de43fd6c6c22a5f,0.14657495695348349
ck_6e4f31bd108571f0,0.0022881454740162998
ck_da06d97db0b18851,0.0012820152501572645
ck_e0346d5081e640e8,0.037901525253499012
ck_c1c7d4e62c9fcded,0.021291026338457329
ck_2595669e421299f6,0.019880912387351051
ck_3b6057d51fd4c7d6,0.0034207492501519645
ck_c5f8ab515840a0fe,0.0041315142099225119
ck_435cb24538c6f77c,0.03679113283717797
ck_d84b5403da4cea7b,0.0083578288627750002
ck_c2b61a98d1c8f6dd,0.53262625344021397
ck_c9dcd92b2f836b61,0.087953041457906528
ck_9eb5b3f5f672c2b1,0.0017683935804960777
ck_e4cf189a8d31649a,0.0022932812010521258
ck_6b114f2a48152b96,0.0013795952997181838
ck_3fb95862b70f505c,0.030436575242019835
ck_7f780f465c29398e,0.0051001391664387318
ck_ee387f9da79e67ea,0.025009967900579959
ck_fa3b1e85d27af2ee,0.074426772263213578
ck_e739eaaa7a1822f2,0.011363005233046676
ck_dfa0ac11fcb1dabd,0.0030321687140943522
ck_6e8751b571ea54d1,0.00927845113770903
ck_2d695f8358383092,0.012943569378863548
ck_e7dce27edb700f27,0.0061979477262209693
ck_e322da8b213eab52,0.0019087669382684522
ck_d0b32e039abb8200,0.0042215019605748409
ck_b354003302b272ca,0.0043878754938695167
ck_f7485cba392bc294,0.1593969354872036
ck_d6a290ff8362c7b9,0.093410539808589182
ck_c56a44fe315c0389,0.0047626532346467104
ck_f77dfe6512eae322,0.017176775117116717
ck_35fe969c58b9e70b,0.093478520936279674
ck_4c518637db2322d5,0.037415044458575998
ck_cb61902798ecc4fd,0.030027178899071576
ck_56e6cfa32156a916,0.0026291106631625952
ck_343e6ed2b9d35c01,0.0058791677018564595
ck_51440f64f7250ad7,0.035437074586697356
ck_295bca29c34cfe2e,0.0093217447272452673
ck_dd30558576b45e7b,0.0037123044341456678
ck_3a30132a57181fe3,0.037862499764282034
ck_4a733aeb833406f4,0.0082291653668282519
ck_1b0b7c3d35ab1259,0.016995763056931047
ck_962c3bbf27cd4b80,0.12249739380241524
ck_9528e1d6b1707870,0.0051384349945890976
ck_b3263e7f31aab45f,0.013282468322944605
ck_e69195a3c885053d,0.0013656402492208313
ck_a907fa8795cd4baf,0.0016711004280428271
ck_205c3405045bd835,0.0049297499623125662
ck_e81fc223bed3c46a,0.021063444575765589
ck_363751deae40edfb,0.17011419141567027
ck_6176baea8cbebbb6,0.0021110320124061908
ck_633e6579f5c74a5c,0.91166985909968801
ck_ddc11fc481eef58d,0.015724165024826046
ck_e975002c979e12c7,0.050456097603398156
ck_8e039b23acaaac00,0.058530032480722027
ck_1d6990d94a4d2ad6,0.013403200429669426
ck_e7b583acaa3171a2,0.13569218931359103
ck_c0133f60d39b2fb5,0.015785399311164273
ck_7d6bff85e7a694bc,0.0014333988874628031
ck_d305b4d82f63f647,0.00093094551550957337
ck_22bd0fc71f95e048,0.0377969647968266
ck_9a65fcfc7916f93f,0.0014715537487991954
ck_d61c837b0106085a,0.070862428343221984
ck_be86a1db08dea456,0.0088673824267952034
ck_90489c405e6886d8,0.0013416745156626388
ck_0add2c321d579d75,0.020414019816693298
ck_482dea6eed92cbbc,0.019577772186813999
ck_c24b47184534cc2c,0.99048856808362817
ck_fa04ac31e596e7d6,0.0052170312334502318
ck_084322dc5a3a86f0,0.0055400340468843966
ck_ccb72a33cc1877b7,0.01135214672982918
ck_afaf374009d3b248,0.011361396005576705
ck_b53084ffede19a8e,0.0010297431175948354
ck_4760216154c8cac2,0.5242626049295801
ck_37ad3a65db673e70,0.00139606927629315
ck_0c2932cc0d553694,0.0037657752564925874
ck_86b853c52f20fef5,0.0022945889223443764
ck_38703b7546d35a80,0.042508113802728384
ck_218b7e6e6dbd2da0,0.0061778461747299968
ck_402db4184982fdf5,0.0079537198020774545
ck_f917c82af80e4a79,0.030986844285423247
ck_3c6417a233c68c73,0.035050492874754716
ck_98068c397d70dd3a,0.017074679848542152
ck_b1cbd6679c0f8d95,0.0077133869885148386
ck_9e962f9bb0e7bac2,0.0043111865308936483
ck_b08247c3ad567d92,0.53329235450125423
ck_3ef7a03ebb81cfe3,0.00044522888688354955
ck_5d7ae0e3562e99bf,0.047903532897607098
ck_c91a628236baf91b,0.087013860119028008
ck_7f8e816ca51755e3,0.89711069944129296
ck_5aadd286d188f5c3,0.0065204706506290979
ck_a037aff5f8128c73,0.0023278182685278087
ck_5df6529ce8290906,0.012421239925228247
ck_5f3609511443e5a8,0.0012446943535563708
ck_a6f61864fac3c8fb,0.003273436818560189
ck_2733fc6ba23ae46e,0.015549644718048681
ck_22bfb9246646eb41,0.81194634977867297
ck_bfc2a57d8fd1610c,0.1854949362273583
ck_49839e761d0e74e9,0.003561801881691324
ck_aa4ba931dd37481d,0.0014218148144461058
ck_2f9fa0d61829f815,0.017535300264300419
ck_5b82c774df10d49b,0.00090352059912846179
ck_411219470d0a195c,0.0091822251477090902
ck_d07485ba10514a2d,0.21013323266590694
ck_219bef979ee21bdf,0.00099194251046049809
ck_eb1006e7285184a6,0.010735543873369982
ck_fd242b18575e3063,0.028739100110978327
ck_95188150ff059c70,0.04822913795701475
ck_a9ca2f447b984a6a,0.0062342990983029365
ck_2dd39723c4088b64,0.0052696222198952902
ck_aa2b4c662ff213b6,0.0094189199591284134
ck_1867b1199c864db5,0.019795769416832823
ck_850ec97a5a0dab9a,0.024958178478508508
ck_562320295fa35875,0.0012106590349489667
ck_bab5759b07fe2bea,0.0062114890988596771
ck_b9f1465d803e57b2,0.050327682556086065
ck_8f21f2690c32c691,0.12100107299228029
ck_df87d6f61a63eb21,0.0040234449544639742
ck_770475876d0e7e6a,0.0026351366105105594
ck_b4c014d5c0cc9eb2,0.0036703871652146933
ck_3add4d23124c9290,0.0068470388003539738
ck_bce5b7fecfb6264d,0.12181633859527218
ck_604c17cb97dc89be,0.080695503594668788
ck_e52cbcd9aafd26b2,0.0022147146322628883
ck_0ac9114076f5bf3d,0.012000236882089378
ck_dcc125b178b79566,0.0007060490899962813
ck_4e333c09f0c37dee,0.0067897425550606794
ck_ff7e31ff8ba731e5,0.0041340267954981949
ck_8d0532d24f1070d1,0.00097497487345750596
ck_3689fa41748a6f6b,0.063161193748183964
ck_7509eb97c1948b16,0.0063101850222066318
ck_a9161cf1ca22a6bf,0.0046897171405314141
ck_bed3e3db135b782e,0.015731914805051636
ck_9040edd974ef8e3f,0.88053968504343105
ck_fac32d76ed40f683,0.0078671406489576705
ck_3d7b1078e2d57c69,0.0019712278747100777
ck_dae09c4e074af5dd,0.0082268738234575773
ck_fd84507228467b40,0.040260466621448089
ck_e2a2ce9b8cf44c63,0.0041491595501189533
ck_cbe716f351d660d4,0.013582211529650293
ck_cba4162ef29a6d27,0.0069851415767126944
ck_4f1e962ff8a29732,0.0013359792396619786
ck_39a81899dded61e4,0.0039617425837100168
ck_25382331551d22a5,0.027125081709773124
ck_6d64e1c07b19856e,0.0062353224472266999
ck_165a868bdef28ad3,0.03603716588168427
ck_88774ae52e30e877,0.015721587651294073
ck_fc7a9d0643570053,0.00098912067756092362
ck_c2017120b3b88a46,0.01220533129628432
ck_d115ac6b9fd62a7e,0.0042095492578658024
ck_439cf7d51ec7de0f,0.0048264891302584913
ck_2468a7e9e68a0927,0.003038605216738691
ck_7c418947124dee8f,0.065617302449247336
ck_fb0cf32c4a56f740,0.010370533620364579
ck_694eb6c43193afd4,0.018017860297102561
ck_993beb188dd4abb6,0.0061302002587128885
ck_77fa39d3b733c226,0.056657634389022882
ck_49969a9abc47cb69,0.0095660938594731328
ck_d3f44bbe2f7e9b2d,0.0074411502528453511
ck_fcf5b8216d0c18ef,0.0010816197139447696
ck_daefe1e2d2bc362d,0.001546081836684276
ck_9c9287cb28950eb6,0.0088634868310403132
ck_c1d1a625b885a975,0.016176902882176904
ck_71b37fe47490b4ba,0.0068562082258968125
ck_5d16e257c0635f7e,0.24701389049280525
ck_15918075563eb074,0.0010658065257617933
ck_9a15fdefc47e8d11,0.00551962083222797
ck_6f04d047d1dde75e,0.00082310667166962074
ck_1af2c0b3b8d202c1,0.0046663458922153794
ck_174be2231c5fd2b6,0.0015097486674669461
ck_bb0713a2a1d65982,0.0093548981284648624
ck_0daec63bd5b0729d,0.021883900652490372
ck_c0b5cc3e8ad2ff44,0.031152624594119875
ck_35bee1fc12664644,0.27234792183363699
ck_a1c7cf63467df4c2,0.0019478612202547931
ck_ecb1e15f0b185ceb,0.039613231478105235
ck_f280d31f54a4710a,0.035308783716618858
ck_30f4b2ee8abe1342,0.019789791476191396
ck_66bed631354de5b7,0.0061935203642454369
ck_c2d3ecd7278eba2c,0.0010976078323126001
ck_e901dec0e09eccbb,0.0031122664775149233
ck_5d038ecb3c8748a3,0.0038911922967095804
ck_283c5bea94b21e80,0.0028976738302397905
ck_7956c251b85f009e,0.57708881665478162
ck_9f5f81d771146aa1,0.0010479243841621888
ck_9323e6fc1e168eda,0.59659203608600775
ck_10495d3a635b8d69,0.045307297607212298
ck_1982d571cd36eb0c,0.0056593221073815581
ck_4f5d7985bcc2eda4,0.0014900986730746594
ck_7df526b2b4410bb4,0.069482999897820003
ck_dbb498b1a346a402,0.0015161703527890461
ck_ef059997563e3330,0.0068067662506388696
ck_02ec4e06709e6b82,0.001039018282727615
ck_9782c86ba6485f88,0.0019334234538721641
ck_d69de468b44143ca,0.0029559906356655678
ck_6430a8792f400e0a,0.0017519228428493983
ck_8285bd3c90af94f6,0.0067096586397054512
ck_985c9ca112000e9a,0.018952867865482538
ck_e679fbf4f4f4aa07,0.0036484876255265799
ck_016e8c8eaf9d511b,0.028198569986535103
ck_bc996c523944644b,0.018154461463735339
ck_5b8315726f6204e0,0.01234216232643426
ck_78181f8e998e442f,0.0013745796043728342
ck_71c68dfd011dbbbe,0.70940788142297762
ck_db32c95ce2b6f502,0.87925638049726618
ck_755010362a9b1bc4,0.0018469825555405103
ck_114141d85256c9ff,0.00072604075849300176
ck_9d1a5cf5a3b87e48,0.0093089636412733469
ck_ab640420858ab5c4,0.12427627459692336
ck_97a8dac48dd62488,0.12024153576445956
ck_879cc3166fe1bada,0.0010932265997774713
ck_b0ed11080076e381,0.002767326260023073
ck_7334a9ec656263b2,0.0035267850041610211
ck_6494f0ef13ce44d9,0.0042157564204260006
ck_724e459b9ece38f4,0.03246655284445607
ck_7fd8b1470401695f,0.32793011898328994
ck_292f81186358b0fa,0.0068231067778020075
ck_fa7de64d37287615,0.024558776542881942
ck_d00e09e66ed6458b,0.090750164546116147
ck_b8d210e741be186e,0.0025933282840475535
ck_3db59982cbae4410,0.015725764357009703
ck_69887d0a9aaca6df,0.0010428362478212664
ck_4feb21e2fb0b3977,0.0045212207200451132
ck_08c6cc1e143475e3,0.0027140326201801736
ck_fe6e168cdbb46b9a,0.10948464784085461
ck_07f1734be7fac56a,0.03464663230277417
ck_d66d59981307db93,0.02604776104872257
ck_f928dba0d587d7c1,0.0016775689575091325
ck_786448fe3004cbd0,0.0037209211678553207
ck_29ea329fa40ace62,0.013782242319837792
ck_7ea52b6f27edcb73,0.024890298346483271
ck_18bc51bbf3ef198e,0.047166729766433574
ck_44950df09ff14ded,0.00080923109550480761
ck_c1466b52c0a10b93,0.024243710058414365
ck_6cdac067cc4db5c5,0.064510842941786536
ck_53f55c6e8cf2d432,0.00094304938145750431
ck_95945f48453ca532,0.030710270736023254
ck_87cce4126e215153,0.0090257209278076442
ck_1ecd5516c92caa4f,0.00072183978215399191
ck_819b482bca14c068,0.28636563669261522
ck_a61a879dd46fc9f2,0.015911580382513744
ck_af70aa32c009c3c9,0.017365646181435095
ck_f4fe78e249092ab1,0.041885291609940138
ck_12c46bc52bf45b36,0.0072953877564509734
ck_f05f5e4b40afa52f,0.05745007070761278
ck_0f8cb09d3f4fc980,0.23236273171117017
ck_80a64a7f0275a71d,0.0052763649741334991
ck_683af7b1540a0b22,0.015236679529931168
ck_51fe0b613c076cbe,0.0026800502647570086
ck_da1a2450219dcf19,0.0095337284278573867
ck_2a7eba01ceba6c2c,0.083879324668787794
ck_4e329e29dfa743ea,0.40157034075985831
ck_0274d881d6db82c8,0.0066970180023449496
ck_0af5b7d128035b35,0.014937775078846451
ck_ae0a7be6b0a0ea68,0.0086102689651719362
ck_de5bb7a4d091386d,0.27291228192480105
ck_2bb7c17168a9d17d,0.009311797007570146
ck_0ffdff7b2f5fdfe4,0.008306552271960338
ck_718a8390b3d42d7d,0.0098984619663643868
ck_7c4f12d70f184533,0.001521602382770282
ck_d3e2c26b8adff099,0.018027974196807833
ck_ac9d3d9754104cf0,0.0012218369835254989
ck_3b1766a1d51f8f0e,0.21608843730819899
ck_a9bf75bea912027b,0.03661664724245739
ck_687eab3ffe1f8cfa,0.019258360588832273
ck_25dd0b02af5b2f37,0.16296205943527126
ck_1747fcc466f0ae38,0.0007730105885693098
ck_f6e9d14dfb6f3c28,0.035486555769364027
ck_c6a7bbd0adc4d5f3,0.015307032615315248
ck_46656a23f4456d22,0.45682351914716074
ck_7519260415c2998e,0.017086321440302199
ck_754f30ea19df857c,0.023593238215415539
ck_ba88a244d5f7380f,0.011646998654398832
ck_f268416945316815,0.0079726578823000136
ck_21860dd2159dff28,0.0014158661656208397
ck_7a86ef4e2beaec38,0.0035592898361296171
ck_0414507baeea936a,0.013108600185352688
ck_60796eb60fc3043e,0.0052860874920355582
ck_1e0841ed17fe0562,0.0070334916341567161
ck_0d641d32658d6e0f,0.0014868430508735663
ck_b36086ae6d87eec1,0.004264885232833384
ck_962e65ab33b5c311,0.86881860051785176
ck_b046a42684468e63,0.0054374699073726851
ck_ab3426435b0017d6,0.03620747083264416
ck_fcfe06e44d09a344,0.010686588370379028
ck_0f6d916c92189516,0.011141271527432068
ck_d4c8f0d957c3965d,0.042227865405824939
ck_2ca83dbd728af019,0.0056518575905887642
ck_2857a4ce9f72fbfa,0.0022545617669206125
ck_a60e6edc48e3d0ac,0.14288868751911357
ck_0cbd3b27063d4415,0.068061577640133958
ck_612089ec90c37219,0.0049477762069447045
ck_ec4e597f17f473c6,0.0034469737246655297
ck_1c93cc58f314bf71,0.024745926705395584
ck_2b359a979520276e,0.0016550493829502477
ck_1496568ddc3b2d56,0.0092159712901251061
ck_41d91dc9f5063566,0.016424254223296235
ck_4c5ff58afe3d7a67,0.0011614341881641419
ck_81709736281fa3eb,0.0012437881361739779
ck_d89abbab3d4957aa,0.0035784538289722555
ck_52453401f88935da,0.022140517452482807
ck_a477654d34783e06,0.0020783434648617024
ck_72dd0dbdf808cb00,0.01732814924018479
ck_c183dff3781746cb,0.075296735549992944
ck_c8b7f241810b45e5,0.000882322523471828
ck_f88028c3f306bc70,0.01174895607106166
ck_91d48d69e4f5d9c2,0.0039817473807195972
ck_b74b9ba6d7c9aab7,0.075844804178903172
ck_03e904682dc73bba,0.0058778945925337667
ck_fc6fed6ea96a004a,0.0080887296587421973
ck_51efdd240e34c642,0.052544433633613857
ck_e78ab4ff52b5fd2d,0.008169504546307535
ck_4af7b97c24d89a45,0.017068971466692257
ck_295c0072eca7f7a2,0.0023499320301742306
ck_8abd1a50a9227463,0.039114561244241952
ck_ecaa6f13304e3dc5,0.0010132835681676542
ck_de436e7b319be1fa,0.98814266667934625
ck_c802cf8f61466027,0.0016412573082766951
ck_3d83e0a3c1cfbf8b,0.0051260080779330468
ck_28d2003c2d16e4b6,0.00082485806083413301
ck_8ddaf745bbb9cd62,0.00092195385022688205
ck_493b6256091014cd,0.043433772314572211
ck_a2245822cfea997d,0.0030484721135087679
ck_f7305b3c64cf8a03,0.045158504364699148
ck_9937dad93a0ed3c1,0.0018857164767304363
ck_d654449f9231ad76,0.0022703715029064576
ck_850e2b59bc535490,0.027162806190460208
ck_e55e5bdfc0242aef,0.012384305989683129
ck_d35c51e981b98c5c,0.0060487061664233647
ck_27cdf9c5e6f0915b,0.0067578371381148018
ck_d328db1e1052d820,0.0048597313490322328
ck_0ea30eff5f361cba,0.0044262730286706029
ck_9994323f97109f4b,0.97661651876847366
ck_09054e97bdf9624e,0.0015780444908217591
ck_723b4afc388113c8,0.0028545192442822505
ck_588f6e6a6a6d93e8,0.010655509941500935
ck_e1d563fab4d6116a,0.016128608578566309
ck_53aca610e20598bc,0.010853504978979153
ck_c8131ddc7ed33448,0.0043774818328942006
ck_899f88464305824a,0.019476731500616764
ck_1c17c65804f8889e,0.0057959885474221876
ck_45a16ce12893cf9b,0.0077546592159728339
ck_f9d481aa4f9b2808,0.83985608568793313
ck_1d5d74169cf892ef,0.014920318724467127
ck_aba32acb61c1aaca,0.050025504711090935
ck_ec4dd3675a8d28cc,0.0043454786833333732
ck_5dcd443fe0bbdeac,0.00085748019517873958
ck_3a47e3f54475e854,0.0018669214545743249
ck_a9aa5c344c315532,0.0094733307658631631
ck_9652283c9f61fcec,0.0015484011423027744
ck_752dd3d2487f78ea,0.0042741001575770984
ck_a821980ac4db9943,0.33232495840179976
ck_93e0d6befb67f7a1,0.018457155655483483
ck_e7a3881c3e36bd51,0.44798418458516998
ck_12631b78f8a03df2,0.00076061836078390873
ck_57b8226610b48854,0.0039939336029950635
ck_352657008983fd4b,0.020788011164939942
ck_0841a5c24fd3dd28,0.018359592809826703
ck_db9b9d5d30f74070,0.042076827021154936
ck_a9dded7f6294e44f,0.013885261819503071
ck_91a16336ce3217dc,0.023485518302629117
ck_371bd9388b287677,0.0013023829579961966
ck_f285e5e1912a7c62,0.0033180544326144208
ck_368b65fca69fc415,0.045372564892202177
ck_d27a73596b6500c2,0.0078474646251514273
ck_2d963f9b2c4d11e1,0.030862087523897779
ck_7c500e219af39486,0.0016974446423122791
ck_7d025dea5951cba7,0.0055104953745745509
ck_32f632706608859e,0.0067437706649098551
ck_53816231f3ffb48d,0.0033001592040516775
ck_9dbe184e81c1ca8d,0.16118964440277517
ck_d74123617f22a21e,0.0026093006883653809
ck_275386782b1606f8,0.0023566384646319938
ck_0b0e79d33e50cba5,0.001536186250923531
ck_ba93cb604f792915,0.03735947919310046
ck_a86cd653472eccbc,0.0055503769361440834
ck_87771861e0447210,0.08605828876773583
ck_212380e0371d8a6d,0.011212474383870586
ck_ef0d702d7b0ed745,0.0016644670289333008
ck_2b8f33e22f939372,0.72177686132976349
ck_480347ad92037105,0.0052899554955311342
ck_20124c3a16c53ce4,0.010809770336045238
ck_c9e1e3229baae708,0.010220555902405658
ck_b1befe967f7a5ebf,0.032915087790750759
ck_4672167d7c989bbf,0.031557683256778712
ck_f0c44ee5e3a42e3d,0.010391999659808901
ck_c416357d20238a4e,0.012103246896428339
ck_d0f470f8078c91df,0.0056860450519864627
ck_3a70b4ee59084715,0.0047644168833464442
ck_179ed66cdfc1ce27,0.0027735417630082352
ck_387e5a7f163c7837,0.012408473460254761
ck_08fb463e69f647c8,0.99037935891158635
ck_732f725747393ec8,0.012180197087471138
ck_7cc5e0fa3ca5a713,0.0018315556006111271
ck_ad4a4daa826ac68b,0.49348939520280399
ck_472e0be7a3b533bb,0.02552111559509614
ck_7190177963eafdd9,0.0082326946464480119
ck_647ac26c5900f082,0.0030774178544818523
ck_272ae2179bbd8e58,0.002154559454363149
ck_09b0d8af304646bd,0.00086572374502660204
ck_ca0cc8ea9f344408,0.0027962979184845546
ck_332ad134fb909869,0.0060609086179498981
ck_fca2798914627dc8,0.050676801167072155
ck_4450b55f462ae134,0.0026370867816212515
ck_d67d9dfb60b286b9,0.00077733298902784198
ck_a9d2bb4f2bde7052,0.0029794380643113597
ck_929bcae878a3ecb3,0.54619376019962596
ck_59a9e000fa275e1f,0.0083082882674002205
ck_57f17254e2688637,0.019254361564356171
ck_0508908697f60ce3,0.21157033751207277
ck_946afc2943298d26,0.0053223731958683832
ck_7176d12b18f2cc0e,0.022831309060653129
ck_5c47b49c26cce286,0.027657410179922168
ck_b6a2bdb2d335e1d0,0.99038903140983336
ck_1d58f6caaa4d012c,0.016623379557997208
ck_71c917295020ccc7,0.0019763225395104259
ck_bc89644ae3688995,0.0055067603708176208
ck_e7c212f16d6df272,0.0087728964121590834
ck_c6d2e11a368184e6,0.0030037487911981826
ck_eed7f1f7548df15b,0.0034766569256575158
ck_75b69034000ca7bb,0.019278465078304156
ck_38da3bf629458682,0.0051084310624888093
ck_90114c891239d821,0.00074533722540318559
ck_8ee08f6777cc155b,0.028611953532563718
ck_bd86132499defcd0,0.007116730694276617
ck_b95fbf2b5640aa82,0.003546502778123831
ck_c530235393360e3b,0.0049316941845029055
ck_be52a7ec43241ba4,0.023820628113917414
ck_d96eb3cc55f2772f,0.018950078260172323
ck_dd34f0a844fb115d,0.074797256325034978
ck_17cc7b411f448e66,0.02016610993352435
ck_856ea65fa27d06dd,0.01367037681309638
ck_056d5f0301c30902,0.023912613640795524
ck_e662b14b2bab23a2,0.12128314168401025
ck_209f574c8d92274e,0.0057718316917445269
ck_62720b81617896cc,0.0074188109019215596
ck_041614694b77e599,0.0047010355723374597
ck_461e3f7b97db8d16,0.014780565601766278
ck_1b74b798eebeabdc,0.011560165638854961
ck_0ed2739384f1d644,0.0058872849630383656
ck_5a4d19f1b83feeb8,0.0016002390636877942
ck_463937167965a1f8,0.011078329676959413
ck_9d7151dbdf100e0e,0.045827298112662493
ck_20a7d1ce6cc27312,0.0043908959282008345
ck_6031211ff118cf0f,0.0019636794064868206
ck_a6fc92aa91e99b77,0.94854212822275863
ck_0aaaa9d2f75a0518,0.01408303699746152
ck_ec26e327cc1848b2,0.0062783188022005037
ck_0e6bebf8ae9b9b03,0.015514416255148648
ck_e107537a4cb738f4,0.0029062623030996241
ck_e8ea56e122a5a487,0.01663935879323045
ck_98149ed45d38c4d3,0.024996659521322989
ck_0e719b3a6906b8f1,0.0007312524680200415
ck_0c6e7bd357e4a348,0.0010797473400234639
ck_d3b2b250da61db19,0.92412377647714017
ck_8bb6b0a292754576,0.16752862282433656
ck_87d70f5fe48a6128,0.010982366627643889
ck_ea9edf9c107d429f,0.019551505606674555
ck_059806c52cebe4f1,0.10665262335573986
ck_a72d6df666e1c21c,0.0024451629719918675
ck_1d2b80ab6c4944b9,0.0076068167007016779
ck_60557f077abc42ca,0.068356311747914095
ck_e5f5cb7dd6ce4a37,0.018668563729108432
ck_4c4a939154446053,0.0024399621549679499
ck_50ede3eb561a202c,0.0084093929976511821
ck_6d03a542922b2ae8,0.006552691830044248
ck_d6fe761ed0db3270,0.0084900827307760104
ck_7f0cd6ea3096f985,0.0034441385852638025
ck_23edb6d938a3b87b,0.0032767199840264194
ck_799aaf9f2b9ef621,0.0056206389325399297
ck_f8f6a03613b6dda8,0.016742127534462303
ck_7cffb189f4f514ec,0.99045881318964812
ck_c081e1967dcd811f,0.020681385310072041
ck_583d6ca78c97d91e,0.53160819166522877
ck_9332bbc7125219a7,0.0050688976928627135
ck_956b5af6d7d86c65,0.81697687325494006
ck_2d634e3f24681c0f,0.021238328701472568
ck_7b35d218ed0c5a60,0.0022726708546157055
ck_ca5b1057f8248f73,0.023069270981793462
ck_ec5ea81cf813597c,0.0015625514639145766
ck_eaebaf4d28400fb8,0.012868290375458537
ck_ae2ab6be219219aa,0.0013999382701238123
ck_d99a8b4c820eb46b,0.0013954413160810236
ck_bcfb7ffb7cd428bd,0.0056950698398302718
ck_3dd542c2d31be2c0,0.0092950847269357463
ck_c7dd84401e29a7fc,0.0026655808950139508
ck_c4bcc7cefd40f8e2,0.00058243572463312679
ck_c251898b5d51e3b0,0.0015174609981086721
ck_36d37be780c1291c,0.0024038504455872827
ck_99b4f266b61ae7ee,0.019028248566420311
ck_c37f03995f0f0169,0.00070417994790890348
ck_65a23ac8e44eb901,0.0041739132488217354
ck_644b1c1149eea9e0,0.02348689903353253
ck_9cf44eb0237c2429,0.0022531432991497848
ck_20541686a94fb71c,0.014549042897524782
ck_c18245be844680f3,0.0016843779768395736
ck_56de216eda6b7fa6,0.0014730912304528184
ck_406c4442dee45cd1,0.00089160478181668805
ck_df1585c7d72a96e0,0.0016827805120907514
ck_b8e8dba20676d87b,0.011762252840690877
ck_0ee6965e68efc177,0.018874108097342888
ck_c2a5c54ad8d0d297,0.014123843241555842
ck_bf6fb7e6470e95cb,0.00070540734760022282
ck_27fa694569140345,0.0010144049430978106
ck_e04166b0ce66393a,0.0043923926092968961
ck_8742114f4f0cb22c,0.047415534296994466
ck_6eceeafd56b42576,0.057438337916257534
ck_34f9951b0eca1965,0.01538443611124559
ck_384ccecd342a24ad,0.0011246195165460773
ck_49c98bebd1338879,0.00075715491354947078
ck_6c26c12071c91ff6,0.0020463242085056819
ck_01e5986ebb9a78f1,0.042298371070127974
ck_121db7ba3be29ee8,0.030723091596328952
ck_039e6d5a330cea1a,0.041078463487147332
ck_ae8c9163cf957d7e,0.036361960710682255
ck_3f5e8f3f1df0c8c7,0.090537492013909315
ck_b1c51fdafcd80122,0.03035444111107333
ck_12e2b5ebfe8986b2,0.0039543512017417917
ck_d55eb81a4d543c59,0.013296860662674215
ck_f85155ca5c312c7b,0.0096709557418282258
ck_133d8a1ac7c0e301,0.98758011086588948
ck_04212a9bb9b28696,0.99425276481162028
ck_4cc11c7d3ca61f73,0.0019827011006154933
ck_2df4854186ec515b,0.034036893454131051
ck_aa9b28e7fc43af79,0.49914209422512912
ck_47cad6c3def4c9e4,0.0024652884878465188
ck_fbff7b5da8111567,0.0057675326396300656
ck_bd25ea782e375b22,0.017793191437031331
ck_7989376f8cf64a9d,0.0038990389954637714
ck_675c0ca1ebb1051c,0.0017544677137134052
ck_1436f6e11d4008f9,0.014232550377368248
ck_812cb3a4482cc618,0.0057206981204254177
ck_6e606f73a1094afd,0.010210996637726353
ck_1b708e2a4a0584dd,0.0084418685392850783
ck_a60d6b324bae0330,0.0092253823019378851
ck_706a4f673a9fda3b,0.40980657830520206
ck_a75ece9a9044eed0,0.0019338125556307344
ck_9aa45c4e03c8c57a,0.027292096796061968
ck_9fe9bdce982b312c,0.039200522785375128
ck_c6fbdc5ba68a8466,0.020784802539218723
ck_ed0cc1b1c28f9511,0.020313008574435458
ck_a4e2607b4c8021e8,0.0008704902750926182
ck_e02f93f51cc8caf3,0.0049713871369517909
ck_7084ed3cf20781b7,0.025681345511235153
ck_cd4c63155570d6ea,0.0053657106081544809
ck_d1b9e5d32d2d789f,0.0037699055323214175
ck_68f56f6560a7a933,0.0043549091589946947
ck_8bedacc6233c6269,0.0059092136181556872
ck_ab7cb50407d6b13e,0.0067363260063651263
ck_f17ed7e0fd687742,0.070401762913756979
ck_b0fe4b92fc70f72c,0.0015850701243871729
ck_84d62b8196da2452,0.0094309365619018905
ck_9e298cae167f4693,0.0020202415869753736
ck_405b20ef9ad0ba5f,0.16083854911316306
ck_813e02e1ababd177,0.0053444481931901738
ck_f234ab47061ba7c0,0.00098557860607183961
ck_22b587c18363899a,0.0025311492057778959
ck_4e862c2f48c38aeb,0.0033919227308030924
ck_b89cb90a420c9075,0.00609174167239461
ck_be2251640f27a3c9,0.17214113425270539
ck_46bec0bff167ed3f,0.020716729336136351
ck_c0032232c2868328,0.0049662029180445799
ck_030cf09525dba4ba,0.0012918462685893887
ck_6ecf56236789fc09,0.93628959027869163
ck_38d4ed52cbe6d123,0.027378301307078863
ck_2d923d957ffd4d53,0.010221586764123759
ck_3af1eb88728ed8c7,0.014105584008227274
ck_2f8120ca80a1592c,0.025725852404504833
ck_6cabb1a133f0b151,0.00998175828283384
ck_bb6cf7e7b707731d,0.80606070655065365
ck_c8307fecafa90140,0.0055506667615831656
ck_75f968be67f46d24,0.020004008433696135
ck_df6fe4ec5a233213,0.0018536841554427682
ck_b53e88c0e927d896,0.00045987756461577457
ck_f0093064aa28f4d0,0.01776060054610535
ck_ec9976cabc63ff92,0.0020216809482546077
ck_30dac0a58c5590cb,0.048808107347167839
ck_348a525791ae6475,0.052999897550943996
ck_b898d912d1181ef9,0.013376549448189168
ck_f5b1200dc6f95760,0.019172568024589953
ck_54978a073e7a0b1a,0.0062716283320805493
ck_55933936536a4071,0.001909762322834954
ck_d6ba7ffd2ae08863,0.0034272700484078186
ck_404e2217fd87fdd2,0.0025520507080845152
ck_dfaafdaefa5716b6,0.049725812072523398
ck_556c62e92d4e7e5b,0.10138641615197573
ck_7ce44f4e06d58111,0.068860346058646812
ck_465cb8ce232c7670,0.0040716167056354287
ck_237508ca4fb37268,0.021734559417399237
ck_ba4a6b9aa63964ef,0.0078283749176674723
ck_4802a0a7a1882c88,0.15732678498840819
ck_9478dfe4114c30f6,0.0072041533293966953
ck_5138f6c575dec64c,0.0048194447707516274
ck_aebb42afe430e2e9,0.0026925895740830927
ck_004efa95555437e9,0.0049119488201187778
ck_11af112667c98394,0.021497923075036608
ck_44e9a18a8645c9d3,0.0020828424930420903
ck_2605fd571219e28d,0.0012388955723332939
ck_dfc933493561d84f,0.015131179681234536
ck_67674348e68d1f25,0.01418574492538318
ck_dd97429277a2fa00,0.037396427618394727
ck_d3eab7a06eb48348,0.021052705937405193
ck_0b9fcff9667ec05a,0.004227211749598914
ck_fc4bfd6e739bddea,0.0034100735499323002
ck_43292f70a03ddf2b,0.011397606345615128
ck_5ff6108056a3fef5,0.0045915254861392885
ck_767e0be086b5f601,0.031894754518034155
ck_b8465b1a5666155b,0.010077551482002343
ck_ab2e3fc56f5b3aae,0.010568548769255285
ck_1833c81d693c1e07,0.85887198800753162
ck_0308e0602b856445,0.0012968430736988396
ck_ccbdfe744acff8bb,0.015159742946898921
ck_b294aa27a0b586d7,0.002856535476201049
ck_a3747201f377626d,0.87876486903598505
ck_edde1d7d1db24725,0.023953018599896705
ck_ae3b47d6e1063704,0.01183836703178435
ck_3aabf5e0f4defb41,0.0051854427708497063
ck_f034adb57391f3d7,0.18374993727738942
ck_533672fb40531607,0.03431718629573613
ck_2a244f1ae08ef83c,0.0076859001756283685
ck_a35d81bcc54ece2f,0.0020765396606373986
ck_78a61215675b38f0,0.0084243148156827891
ck_e013d88ea7939616,0.0030578019683275286
ck_e5018f9418e0102e,0.028415719307254471
ck_d4e024fcda401a31,0.0062808558967729564
ck_f736cffbdb82db34,0.00053981153024004345
ck_1507f5aa50cdf3a0,0.0062686449645648883
ck_18270fee7c8fcee8,0.0032245117861165224
ck_95ffa1a805a1c9d1,0.0028575797205306103
ck_11132d245b94d045,0.0024327306537797275
ck_7b93a622e40d8b14,0.037986958916504221
ck_3854c08d17704347,0.036606663089534953
ck_7717fcb100dc4b5f,0.013880527534422288
ck_ba54e0a1c328119b,0.52384998671176553
ck_a7afdac4ecbf2de4,0.68839169910642151
ck_ecfb771ed2352085,0.0081661790264350945
ck_68be4fefc85a6b64,0.1532392753470494
ck_dac7c50bd6d0148f,0.0057704438292293823
ck_87cf36a03bd63c24,0.2495366135251405
ck_8adb40b168b59d7c,0.027575450900717051
ck_8d2f62930777416b,0.020931871755723946
ck_9958b58da9e3c21c,0.0056767329551608483
ck_9440335375701f44,0.0079524956892812731
ck_e2f88e202b6f700a,0.010491706547910502
ck_4c7c50684827a2cf,0.001990057591287008
ck_8a6ea4a79b1c7a8e,0.0049955407192736161
ck_186dbff4b24a3bbf,0.090785414105828494
ck_220fda3c11c59b6c,0.17436622625455162
ck_3acccc69f8b1fd14,0.011796919742571332
ck_9de191bf79afd676,0.01060711752575243
ck_6de6b1663f9457f4,0.0010072450069936079
ck_062754f8b79b86e5,0.00094370804310829452
ck_aa153a89a52f7eb5,0.020037975628951221
ck_34a6bd3be642f15c,0.012355197725368163
ck_9371c700d9830326,0.0082684805065584132
ck_a99e0c258ad7576b,0.0035137450186064406
ck_0a7ba51d626e932a,0.035765096245404922
ck_852c50bbba1ead13,0.030938785071427031
ck_43dc13b6b6d31297,0.20098949111769815
ck_7d81b59d615a6649,0.014164165234693847
ck_39a3f1da060e88bf,0.0077073797805382489
ck_6fb2d142c09ed3ed,0.012642933778972798
ck_6e5752b87324b58c,0.0036934045810967015
ck_9441d48a12e8a4bf,0.10063875994670063
ck_09e9c51eb538b255,0.005467028464392113
ck_8d0cd981ed3a183a,0.0043892123802538492
ck_57c07c45269ca8c0,0.0025856305891094507
ck_ccfc9ab888ba933d,0.011234586459380861
ck_9658a6ef471053f0,0.0026353265433774692
ck_dac3852758f4ea89,0.0014148577219739507
ck_b1ed2278f5f14d82,0.013476822506827524
ck_333544d173524f70,0.033018200026162653
ck_fd4582e3853ef23f,0.012880090817727336
ck_614d936cef98db04,0.0019180893424692617
ck_6bc351a3d57aac54,0.0086208525020514716
ck_af5842fa7202ff25,0.01521669009785266
ck_81307759252571be,0.003861784079582555
ck_b4d2f02d2cd45720,0.24891811019451809
ck_1bd753a4681946c8,0.97571089677529588
ck_46d8c029d46867b2,0.0035204175038625733
ck_b7da6640fa2f49cf,0.38817552509561781
ck_9ea3d5a5a91fef9f,0.0068263096425994095
ck_7b922518f667f76a,0.00099226889247919399
ck_2a5b31594206eb30,0.65598018230375554
ck_d9506476ad3f9e08,0.0084865646163200803
ck_c8791f7ebd4d93c7,0.028457460181088023
ck_b5a3e20fd210017d,0.0050615992480505167
ck_8e54386f4fe22cad,0.014233439141252465
ck_75296704f5806f56,0.016034881574421053
ck_0fbbc7a6af300368,0.0026215693838201495
ck_d19bf4dc0627113d,0.0021378927854590153
ck_7951bd4eb99a0175,0.0010484519827737714
ck_059e4fac6b7f704e,0.0033063008616874261
ck_2ce8931af02a2ce3,0.0065168320997105976
ck_9e665618a4860306,0.0024378236523204325
ck_6fce5a893613fd2c,0.00075660753941579888
ck_9e3fbd04e3532f32,0.13393440657503702
ck_55f2ef0de3420e3e,0.024202244722536594
ck_8d87658a6f5d204c,0.45559389961846941
ck_6d6ac1f5dd882aa5,0.0011487994298725124
ck_55d0c7012d7ef236,0.038984598629588224
ck_7738eb085e5753d6,0.0031408084712049775
ck_0e6e05c3cc8c8242,0.010725819884394789
ck_8d27ff8383d48132,0.0024939653528046075
ck_9afc3bb849f3a64d,0.0099837330886642234
ck_27eb86a9898cdfe3,0.0038793652220119232
ck_1d40e4fc541abe93,0.11459215570794681
ck_4fd9dc00e1913587,0.98327750591142138
ck_b26cdb2b7b165d2e,0.0319885282904337
ck_a79a27767a02e31f,0.024997635407735811
ck_f0c18cb9f951a71e,0.0049228851783329908
ck_50460e0189de6274,0.96124956915840798
ck_5e5280539257c986,0.0070232125032647337
ck_eeb854318b3a6f0a,0.0044045133847319274
ck_943f66f28dd24750,0.00052426160494483212
ck_984dd7452aee372d,0.11641974947171077
ck_ecaa6de0aca5e9a0,0.029835396718197196
ck_8f1cbc432e2774f8,0.029559573095834728
ck_d91d9f8445b9769a,0.29815441783357682
ck_73c18e03e3c7612e,0.0010682645213224945
ck_aded05ada490da20,0.0063555581497322169
ck_f744e208183971f8,0.0015018015217134835
ck_02d4cef6358ad3b7,0.0011357667270388669
ck_08ff5bd467226a5f,0.00082097874447675117
ck_f824b326d5089885,0.12930070718855483
ck_3420f2fd520890f3,0.067880626071690112
ck_1838cf8d00f5b1e1,0.0056083745679198285
ck_a85182ad90b6f1e1,0.00062978914576335664
ck_fecb39c82c43e76d,0.0014872577719015571
ck_162513e73782929f,0.027946812656674029
ck_2c27b77c59d8f23b,0.1112693696803413
ck_4221e07b17388fd3,0.060687603273923779
ck_adfb8472d5c3d669,0.0090929183610538537
ck_0742fe64055d686f,0.003657741399348604
ck_5060aefcc8b6f958,0.0051705738189160837
ck_643f549b4ac78a26,0.078256913401573508
ck_dba767885bd6ad69,0.0050061964586071706
ck_0dda35c0c64c7073,0.98155790687199751
ck_38ea56d43afa5660,0.012086116166855902
ck_d813e15ac91f487c,0.23827717189330822
ck_4c840e5585a7b167,0.21255335927807817
ck_cb8551453a7bb929,0.0040817128295335845
ck_05a00b1dd5a03359,0.0023508901377200997
ck_837cc7fd48453a01,0.007891789609973783
ck_49dd816b31fba6b6,0.33129568254819253
ck_86a61d9a39768e87,0.015127906081957517
ck_cd0e76f0e7bb38cc,0.012453468318409079
ck_dbe58392635133ca,0.035690889328095242
ck_3caec7dd6f8d02c9,0.024623156179206775
ck_bfd9bfc5b6ab4a54,0.022212444949128374
ck_2103399bdb2898a6,0.0032253423198324868
ck_329f7de7279e74c5,0.00525157671518643
ck_9bf0d28119fc42c8,0.021923969280649144
ck_f781539b1042dc83,0.0028553098388795157
ck_9986c7d781ac6b4e,0.0038071247854025649
ck_a627734880aca848,0.0010751386521634626
ck_2106e509d77fdb4a,0.56920923944588442
ck_420d1a9c604293ce,0.011212289116298638
ck_fce0610c527e2b56,0.011559938574736507
ck_073da541ec3f9d3d,0.015929558909291441
ck_aa5f3ab48c17fed8,0.10655299549415984
ck_0fc1086e1c9e04b6,0.0039979159989755701
ck_5c33bb46c1a5945b,0.020057458025290763
ck_500948a8d4bd8e13,0.0084325211022634548
ck_19becd44f2c3d2b5,0.022529805507248309
ck_7d0fe77dd5ddb656,0.034142196011250778
ck_f158d9e5f101bb35,0.012824436877296019
ck_cdd7c77823c2257f,0.049587178987552827
ck_6c7b41374f9b2e55,0.0042247879068300995
ck_417090dbffb1a63c,0.0123105483988007
ck_dd0e17605f970319,0.0087734951395812017
ck_3646515079e6be55,0.0032226925790130299
ck_89c8b06aa8c84b2d,0.045954507578295167
ck_e4d6dedd97233c07,0.014886758059668336
ck_bc82fb1895fddde5,0.0065877504990533176
ck_88a8b1d442ca3686,0.018193533307127283
ck_5791f8f76a629a4f,0.081640820974453771
ck_9cf5e88e97c8c7ea,0.0091182183702705998
ck_58fd684aa5a6f289,0.00056404112340131254
ck_9800c21dfbd8e811,0.0032456488764724309
ck_8ae64df60ab6ccda,0.018568350027794771
ck_e535fb0f0c00418d,0.047012474418026209
ck_48011996d54855ac,0.2094445395650949
ck_ac79c72a8fe3fdef,0.056245437843247342
ck_b8cc2df5192bc49b,0.017029218356249341
ck_e96a5e1f08f8a867,0.0024200058637781556
ck_84df6770549e43fa,0.0084204236089484522
ck_e5f7b99ba6ec5767,0.0082615034474273607
ck_8347455ab53ff620,0.0030694112329904791
ck_a84f2cdf695a71d6,0.0061620047341142212
ck_90456160115f9ef4,0.0017286942679141154
ck_ebd178b3f3a9c50c,0.0095282306900419528
ck_e1140be6157bacbe,0.0011639806963953904
ck_744ffc11d32b96bc,0.00657920465452899
ck_e12a9f7d027e3387,0.0021574519698578203
ck_cbe525da0b69f18a,0.01187250173789252
ck_aa59702537557ff1,0.018833684599034044
ck_0348cc6908f7f3af,0.00085145711153857863
ck_120e995d50956bee,0.045388841432657721
ck_9fcde1ff46cbbea5,0.0020023239366424002
ck_54b0b070689c50d6,0.00078451227535912245
ck_966a167758fddfd4,0.023306225823661368
ck_d5194f2e92fd6427,0.013119251193471562
ck_2ee84f3fa27f2cb8,0.0027794893166355932
ck_57d0a7eb7eae2eaf,0.020016540640360386
ck_6a2c4edd82e10969,0.0018710007841923728
ck_96e4d38ef670eaff,0.0058683868588650908
ck_52cc2fd5095b169d,0.0080891443508214964
ck_4b088920f3a844c1,0.048027802463568942
ck_8f3ccbd20d59f1f4,0.0054264149043241781
ck_e5e5dc431bed6f9d,0.0047980302621412141
ck_e8b5bfa6838e28d1,0.020713012160340695
ck_4bfeb78b47b7c6a1,0.039712429907887974
ck_a705c61bd679496f,0.0034939833873416518
ck_731869a0c39cb2fe,0.011861851116701912
ck_259eb102342057ea,0.0030926204453697948
ck_47a6005fabc33551,0.0028212245898009895
ck_682262b455a9edd4,0.0011006782234198687
ck_e839d104854945f0,0.0011797601615146428
ck_761989aa4c47d746,0.031549274658766183
ck_44211dc210139ed3,0.0051310546701274461
ck_9915ceedf63a5289,0.10612667975070086
ck_da59ab47cb6284ad,0.0019195345801228496
ck_e5cdbfcca2456652,0.0023038994701702342
ck_13f2560c6a1ec62f,0.015876146097312166
ck_a0543e9b3abe1001,0.014503619955573414
ck_11c7a58e09e6547b,0.017584656423277112
ck_69587a134d43a4ad,0.030971814580719292
ck_28dc0de0ae291f37,0.036638611968575305
ck_298922703c5bbe05,0.015409963345214812
ck_fa5ba9ed9ed6a343,0.024923448734637019
ck_c08e64d424e56c05,0.01683738112723791
ck_598e036a28262aeb,0.11679806620773522
ck_3f7c870510083a51,0.012761490030590662
ck_364f8203a3e98d36,0.79676768315056545
ck_7333cedb61506ead,0.0059662508990213116
ck_1d96d7fd65f208b2,0.014703287706811449
ck_63133a79f23e2627,0.02367550965271039
ck_901d820e0b72abae,0.0011582132820871615
ck_5dd80b3c01457bd8,0.010643465210354242
ck_c0b8067c144ed6c1,0.020128384710847803
ck_cebb8aa8c8f62c60,0.0020945850433313189
ck_79749eca42ff1f5f,0.011648858024566914
ck_2cc1d9b587f6da31,0.15276999947535755
ck_ccc7916b56d42195,0.0042411048117301344
ck_e43e53cc7b8b8e41,0.01670747199765946
ck_4ab74a6e7450416c,0.0012813973381370037
ck_6e44024e9de301c6,0.0012486768381268917
ck_dd78cb6ae2866cc6,0.0080186785737479983
ck_c363d3b050baf3b8,0.023219793766856858
ck_2d46291975f0dd08,0.0012973791026897141
ck_76ebeb5aee42f041,0.043278186395502627
ck_8395f004cf4d4c08,0.0023972204482849164
ck_de7259c3741db179,0.0082919067517189908
ck_3938e92585df2b34,0.011966055742758533
ck_af69bfcf4f07d932,0.01458381099855257
ck_1723900ab9afe374,0.079880859842294455
ck_3d58628d1c853c8a,0.0047418321952746537
ck_12a074db100481cf,0.092035986220332947
ck_8716cbf892c50e29,0.0067484235474324205
ck_fbf7351958ad9615,0.0075164826057699547
ck_a50370907e6b397c,0.041841201692051869
ck_937402a60df0821c,0.0012295329679776373
ck_8ce9c5807acbef48,0.0057079306981424258
ck_acf7d65eaaa4c31c,0.00127459544557532
ck_ec3eb6dd0967cac5,0.013066718070161399
ck_fc832b0c90c9bdb9,0.96374521591322382
ck_8129e81cde280131,0.004947854251927202
ck_52c0ef68aa2fb8cf,0.0053593702920437733
ck_06f042e9b1b662fd,0.037752159519727733
ck_0bf35dcf7b38f650,0.0020517142852444501
ck_615763afc2e17a7f,0.0011352583327348367
ck_e72db9d4b2fc9997,0.97747455234062419
ck_13757bf0eeb353e2,0.0093268110845582085
ck_abaf371ec8249c4a,0.056651950088446888
ck_9b7167da0920c37b,0.02635221220692173
ck_2e824b0b27494a17,0.067204693752169933
ck_9a0b605e9c3220c4,0.0066457746298153363
ck_a5276af466b681de,0.0017909596652953776
ck_9e0383e1fb6e214d,0.066847989776462613
ck_6a27c44b691dbfac,0.004082355778030641
ck_af39767cf583905b,0.0065886444461963631
ck_243b1b9fdd3f9a74,0.001189370070572065
ck_c0422e638a9c6046,0.011530689084238471
ck_e0f3ea3373dfc4aa,0.024911614397420141
ck_d56ee1654378ffc7,0.012581495026964637
ck_20cd2f5666719baa,0.0011465612526739674
ck_4dfa1c1e9b69fcc8,0.0094510335768286692
ck_5d22e9ca1d15180b,0.60219019077546254
ck_f4a7ac178fd55f0e,0.0030745160922259511
ck_fd5609bd23a1eaf8,0.003363652149837199
ck_49c3bf13dc9471ce,0.027380846661892774
ck_724085c3452d4693,0.20407352288090891
ck_e5d1462846154a75,0.055401966501089334
ck_c69ef0f3e7d6acf9,0.02071058685819719
ck_a2d0417791d4132d,0.0060284381711103504
ck_00a07fc2a9183c3a,0.00083664588797594214
ck_781b8288e54ba8f8,0.10455583924569961
ck_d74a62ab3804a81b,0.0049267092624580584
ck_abcbde211b6267f8,0.013681998746910333
ck_16dbafc035574654,0.0078868886469187303
ck_018f780215ecaf38,0.0064677629622349785
ck_0b259620eac51618,0.0027251730255064238
ck_4f875342394c110f,0.022346777674750812
ck_399e45e5fe9beaee,0.007857731791105424
ck_36224a2d394ebfe4,0.039378965145586392
ck_c189b551bd111332,0.0049399967753641152
ck_125c5a720ecb177a,0.071666292627450806
ck_76d010aa02eb477a,0.00081000928276960221
ck_1071d14c46c92379,0.40148482060481228
ck_61d244b2cde483af,0.013232427036905673
ck_2ff1860da2004c84,0.0033688888946093016
ck_c5b583490198672d,0.0041242642852415161
ck_1294f7af22fade11,0.18979313821596894
ck_e3a22799716df39d,0.006374304937537433
ck_c77e22834ef97005,0.46266845083953489
ck_73d3689728270a2b,0.0021238395068775878
ck_295565fbf77ef885,0.0022568528637715067
ck_80c0a7f54ff4895d,0.0024332326215091831
ck_f1ef5cf7f10b16c8,0.022485532627386836
ck_a958b2461ffc21a2,0.14629765417936536
ck_0e7899a57cd617d6,0.001485570946893967
ck_9d4fed252718f58a,0.019637907895249617
ck_83c2c34add971d76,0.0018631298383196238
ck_9ccc030ba2de9fb2,0.020052166683827335
ck_cd691e3466fb3742,0.011531510454393452
ck_49df70f908dfd069,0.085778491795054534
ck_362ce13eec1e33a0,0.0033217543891997684
ck_2452a30397dfc54c,0.015345178846504073
ck_a443d49c2b4863b0,0.0085904327927903926
ck_c8b2e2cb349dd0ff,0.0046283423184969186
ck_354909fecf5da8cf,0.021609561172598414
ck_841f598bbd54c83f,0.058675490864388363
ck_cd6fbd4e8724f994,0.013738648324096565
ck_e0b3158111370118,0.01031122160963451
ck_4c2f2eb657c2c60e,0.0024813443603436762
ck_ef346071f0b7654b,0.0044353533937112619
ck_f3bc10e3decefce4,0.0029196822933461441
ck_189b6fbe9b9192e7,0.011693512503326065
ck_5245cbc5ff4d4fa6,0.0065870740183932098
ck_cb42e3be6fe87f60,0.0037411018438062108
ck_966d4d713cbc7792,0.0024983382524969471
ck_1c8c969667cbaab2,0.90503533065786623
ck_d35e3aa9ef5d405e,0.10912221565658797
ck_a1c39df50a5873b3,0.023829495213242326
ck_a152165caf295b51,0.006177751193068735
ck_891eaedae139828e,0.0047759921816995649
ck_1a46b56f4734d52e,0.0049757997184866586
ck_5e36042cfad96c99,0.20387553261325464
ck_02a8582c2603e675,0.020926295065821825
ck_6def9d0429e4ed4b,0.0080479603713704551
ck_e137400825a1e3e6,0.0055085067779164195
ck_d91ab840848a54fc,0.0017067508575482582
ck_becb6e1c608e0078,0.0020018279037163629
ck_6fd8c86ac719d7eb,0.14212891356322649
ck_3ed4d13f12fd9d0e,0.02040471451811816
ck_007337aa99a4891e,0.0011020674162743591
ck_60c3d8306527a08d,0.0043685294909340767
ck_95458880a54df0b1,0.23114403246180776
ck_b48cd8593533fc1d,0.66413870833023425
ck_021c6a4a7e3f1f0e,0.0011401814645727319
ck_764d40f865e710af,0.0074138479732530418
ck_4b84357ae8ec7777,0.0084662408700441113
ck_3397c7856b4669a5,0.0012895032017618288
ck_920bb003b42e6310,0.0034377980086003493
ck_8f59f11b512d5b7c,0.04377553729777317
ck_a3acf4b986afa98b,0.060729598873348979
ck_e89d25ed7bdeeaea,0.0040364380535467276
ck_70e6bca473bf6902,0.0028717961213077293
ck_186161ce152836f5,0.0078641170179984225
ck_9191579254663f5d,0.0031457361121484955
ck_1e6628879e9d653c,0.022506158129331426
ck_b498fa91a0776ff6,0.018550051129916964
ck_cfc2384f22954830,0.0221540139314148
ck_17673a1c2867888a,0.00079051314814128967
ck_523dce06515b072d,0.03185615649524564
ck_c20638a325ead2e4,0.0026338563305024262
ck_d3877e1f907cc148,0.01185848142622312
ck_e9a2495dea8675e2,0.0088659045727216453
ck_7e561caa5fa1f3f1,0.019048017852089955
ck_455672e652fe1abc,0.60409153699322948
ck_7f8f864fcc90ca82,0.024876933675689467
ck_1ad36046aaeb816c,0.0061963344746572219
ck_de056e37c82e8e00,0.011597456196364668
ck_7484c214c889fe7f,0.019063667034885528
ck_32430e678c4f9f53,0.0061265590381973448
ck_6276ece8f80ea799,0.015883443644117656
ck_ae8e5dc4b725bc25,0.0099384334655149235
ck_f01be92dc78a2dc7,0.0094822554589181086
ck_233397a8bd40d38d,0.0037390052356868504
ck_f8124911450fdf31,0.63578189118204487
ck_aa0a3179f1111674,0.0056297804271691551
ck_2366b29ed9887a5e,0.0014137605292086114
ck_1f22f04dfc08cf27,0.0021433181616263178
ck_b62276c3426d680c,0.015216964749683211
ck_d099fca88691f66f,0.030220698953270581
ck_166bd1dcbaf4d6fa,0.001079453904998181
ck_7b1660e942436e12,0.011866368931469171
ck_4a9a791a1d409a3d,0.05535093605615312
ck_b003e5b54df65db4,0.038407115794877239
ck_64b4dcbf436f0b75,0.0057607764566480523
ck_26e9a7bb2061a58e,0.041664137216512194
ck_08b77ad5f8f73007,0.00549948427877614
ck_366616a725afc6bd,0.020314252035014059
ck_934fb5064b6eefe2,0.0015237504403817815
ck_c6abd5d57b1009d2,0.001147525718628256
ck_edcfa9e1cf29d813,0.030061797364664744
ck_c30201ebd003fdc7,0.0058379626212496545
ck_c54643d94d3ce355,0.018949698081834807
ck_02adda6e91e49650,0.01488244979821789
ck_5b73d7c5255e58a3,0.11769417295872353
ck_129ffae92dc01408,0.0010376112347148852
ck_fa321945ebedb916,0.028975681295791228
ck_8da980cb2e1e2bfb,0.0075517802151939487
ck_0576b00d728bdf19,0.036890899943104752
ck_c543d82e22b3c8a5,0.0012826585225997739
ck_0027ba644f9ae2cd,0.29464542675401728
ck_8dbf61df902a6bbc,0.0008431680680029758
ck_90eeca1cda79fd41,0.0021812993495477664
ck_86d7127391d4e01f,0.0011448963615466915
ck_73762038c7ff2f6f,0.0010861546211814116
ck_a1484e6215fac651,0.71176947916215028
ck_cb83b9f806e90dc6,0.22645389477443201
ck_8c6f059c95872126,0.0016229279004270649
ck_3174419a81e7caf2,0.0015570360804119045
ck_6a0f8f8fa4a3c2bc,0.013363956355767485
ck_b5777605668bfca1,0.0029409938661075839
ck_27e4de495abb4d15,0.010245528503208184
ck_7f6fa79c7a107161,0.0076105894024010613
ck_c36ed9f8e6792ea4,0.0055968487195701237
ck_67a1aa88d2ea554a,0.031182116150541554
ck_09748dfe4df3d540,0.0011757310469688667
ck_27fd85b1e38b675a,0.0010453889760978154
ck_2369689bd795ee10,0.003548991249667917
ck_4eb1c12f7d092bac,0.0016296528508773188
ck_01fbafc42c8e33f5,0.0068940175839459703
ck_93c4e05699b3b7d0,0.0047351142263199007
ck_afc484d1b6907983,0.0032167391889278661
ck_1b2d9cae92a1aab1,0.045268823439259982
ck_73b729cb161487f2,0.0082858100474004093
ck_fe3c1d0ac090d960,0.17437971527578622
ck_408efac1d3885ff8,0.077637589141802632
ck_ccb4dd9d0a48a76e,0.0033022638695310511
ck_2987eab34ca7805d,0.020097982697793504
ck_1dbf1f15193197db,0.025808194849933637
ck_4ed711fe4053e74d,0.20322082542825823
ck_6c54adce174f45f4,0.0019239203793934886
ck_a6c740041faf0bd5,0.0024914913713826605
ck_b05c4d33c4f43639,0.040708079074986296
ck_032880f1114dd51c,0.049094339900441014
ck_22311b037456a76e,0.0014685153218223852
ck_5866b413549765bf,0.0021435802642145669
ck_0e808afe2570ecac,0.0087326100371239897
ck_634276b05f4381f8,0.0046735597785009068
ck_5d8773badd0d4740,0.014043972339891509
ck_82b5b79ce3517102,0.81347312896526869
ck_b378b8d8100ee4b1,0.0085204599706386018
ck_54e581f71be5430d,0.0011692387086068897
ck_798ba4b8aa544fea,0.0011989131193408298
ck_3fe86b6331ff95e3,0.075407867490894065
ck_81275d9d4c559e6f,0.0025642342975111523
ck_99a4e5ef02d89493,0.011399419924359486
ck_54e2eb018d947790,0.0024274725330889536
ck_966901ea9c77cc02,0.0035758105464335239
ck_27d69ff4e0cb428c,0.11083809390640877
ck_2cee2dd7bbfc09a0,0.92211996044401645
ck_4136b00924695ab4,0.00052141444142067735
ck_59a164c40c03a45f,0.0065343471833661498
ck_3e24b026bc66789b,0.00082229940356928614
ck_8105bcf69a75ee47,0.0062817431088176053
ck_7a1782cefe26a456,0.043293177024604598
ck_970c7dc195161272,0.001615834546487392
ck_a48ec0c00ae20e82,0.02082797639535662
ck_54b374ade34e1dc1,0.0028128614577732514
ck_74e5dec189761d14,0.0034151097054725523
ck_4717f24f2c6f40e1,0.028338197260951402
ck_fc8cd8a8209e802d,0.0070613248766506348
ck_71db4131d7efe218,0.0025761516160510956
ck_45424ea6f0bc4650,0.076072941454031998
ck_3716c6181a5035bc,0.017892661222986821
ck_26de14b96bdad4f6,0.016320610253758458
ck_99c0a41ac9c73857,0.0027792791785971787
ck_645f15bbbcff3b4f,0.99264348555081949
ck_b7e25ddd41514d4c,0.0029765916447956151
ck_d5c14e877ca7b755,0.003911591204197872
ck_05ea4440dac6cfad,0.01622586910601103
ck_c58bafff7b1955cc,0.017263170415252396
ck_f0cf85b67a9b840f,0.015311893263865783
ck_ce1500a7f0d03fba,0.0023311831862759271
ck_d4972a775aadbbc8,0.0062930048415598787
ck_3eb6146c262e0fc3,0.00062282968724253294
ck_afb23858a4ef42ed,0.96974055043264584
ck_2c1def5c91c52a5b,0.21122760963112858
ck_72e550559487b919,0.0060323169521304927
ck_0284dc2b4f856b3a,0.18361688632382911
ck_03be334935e999a2,0.0039860377572614363
ck_e35a4b4a3cb4cedf,0.0075809372551877505
ck_5abe57dfff4b735c,0.0035114785158239809
ck_f5f87f772388efa0,0.012286800224729107
ck_5a22cb36d612236e,0.0020126515206270006
ck_8ff1e6028e764472,0.95166878469519744
ck_2ab28149b0986642,0.042453345495672243
ck_c88fc1bac79fa6d3,0.061352016782401014
ck_5b137d74bba6b1b4,0.0021064914643702591
ck_11f362dca2dfaf5a,0.0083116024257901978
ck_7f960541e5174565,0.0022781110323153771
ck_d5458ba39ae94498,0.0088583777262030965
ck_0a921a73a90c2e39,0.033296106602959799
ck_6ad56ef40086dbe4,0.0048103456035120959
ck_b68199ecccf2350c,0.0011450710373187146
ck_6dac66c8198c07d8,0.0093457848466130585
ck_9b9ce7bebc235fe8,0.0017583454027845257
ck_6b817117d87063a8,0.011374843734949954
ck_900d62b3184378c7,0.00080045285542145101
ck_eafe9b89857149b5,0.0047421415156916023
ck_e74716a525ee5b24,0.0017917932628251064
ck_4e9a6f06ab134102,0.026161725245085185
ck_b0d33b5a3716661d,0.0044202263719473056
ck_8703543bf3134306,0.016309825943038137
ck_923d6a0f83accef1,0.0044900334029551433
ck_52e37e2170532e2a,0.24126634649663448
ck_c1c5ea839c58958a,0.017938669133450512
ck_660f0006780e87e7,0.0033036942667191869
ck_830b2c5d1818ac07,0.047307842875012468
ck_b080ff636932d1f1,0.0010894396508388988
ck_38730aace405f2ae,0.99282511883952074
ck_9790138467a06223,0.00091281575727748961
ck_10de0b0d86b17839,0.001871961791634878
ck_c3e37a4d3382c32e,0.0034570911431338128
ck_dd8edfefa1eba531,0.0017045896687096335
ck_8153cdadd300d234,0.0014910120430019953
ck_74d0e7c2c6b63d36,0.75762210769123572
ck_c478aae3031bb328,0.0041800433301276028
ck_cf301f2194975866,0.009994158320615773
ck_f4de03f44e3a5bd5,0.0055330334165399151
ck_b06ce826e593b210,0.022337373989702879
ck_2fc70b6baf6a0e26,0.0023762403010921785
ck_d208494cf5c90047,0.037851577526395529
ck_086d29ccae565e5d,0.0033667339296892186
ck_d5ef6dc116dee408,0.0032745779998434874
ck_fdf0c5b722d83464,0.007547104987560024
ck_de8494b13adeffb5,0.0022498710072766152
ck_556786868599143b,0.012557235645643879
ck_4940e78cbdcfecf3,0.007219986567767258
ck_d32fbbfe32c00416,0.00752308201161387
ck_bc7710f7e9fae649,0.0014962679421613528
ck_416f7ac57da081a3,0.0066370018383167641
ck_6fb39b60c67d5475,0.0018718337898145357
ck_e40a156511345d6a,0.0013923083091161447
ck_49ab879b5aa7fccd,0.14019706529031448
ck_bb643194d1cbc47c,0.98377589801538723
ck_b3ce8f1bcedfa043,0.0065501786936622442
ck_558ebde8c29132a4,0.0043368912613981746
ck_e6222925762273b8,0.12516260401991824
ck_bd80546b4807dd59,0.010185891155684071
ck_bd21164bd2bbb635,0.0093923442740049788
ck_ea835557d7043667,0.00334890523199488
ck_1411a80a157ff39c,0.0091114679635502689
ck_ab973888c20c9120,0.0535295610093178
ck_95b48972061abe82,0.004454738313278462
ck_fc4a43f8876bf10f,0.47259798014208088
ck_f34fb7ccf82f41e5,0.0060571665795940326
ck_5af9934a56801ac0,0.0029384887068854733
ck_fc7445ec76389a58,0.35700213712527484
ck_1eeacc26f02fbba4,0.017875771047212899
ck_4f325dd15c9bd45c,0.021635918871347623
ck_5009a6c8bbaf15ba,0.043686673601376326
ck_0f3de7f074bb33af,0.0053264549261892681
ck_2cbc2f93a32eede8,0.019200373083573453
ck_4bb90a61c21a303b,0.0066747597014798999
ck_3ade9eac7d7b0dbf,0.13756562219550197
ck_4859a58629622915,0.0080393151259388774
ck_5fed957287ebca03,0.0016233773873885575
ck_ec01ae5351500355,0.0015149179458655842
ck_703b41624ae6a5b6,0.002588035846836919
ck_97c38e7f61c27e47,0.01389631390668401
ck_db2c0908150cb2cc,0.026728142361645203
ck_64ac5e6fed86ab60,0.85223279150473963
ck_da1c853b0a061e83,0.020745221537142339
ck_9a36916b60178ded,0.60371571602083751
ck_3715bfa7fed2c675,0.0025919422599573016
ck_dd3feb77d7d4f6d3,0.0036341604178546367
ck_982ebb24174a4ade,0.0034198581594706606
ck_f6b7a10d47dd9a1f,0.0051387617127492307
ck_1f56fe99f250cdf4,0.022981539058289428
ck_deb3ac0606d6f6db,0.009797616777656391
ck_e666629e5a41b39b,0.003089213175295551
ck_756d2c13d02b3e09,0.0097495629928124536
ck_7bc752ae7cf5d55f,0.0090170357097054833
ck_fc0cc4b25e6a8194,0.0033744411600915595
ck_9b2b0e286de78a1b,0.0058865027573775002
ck_24b0803447211bf3,0.021215202748949225
ck_82eed68d05a42128,0.011402077559592756
ck_c8a03c516ed5b05c,0.054023836932986298
ck_e914974cee1bccb1,0.0042036038113007846
ck_0c533ff2d0f9962a,0.0088682210752056203
ck_c12805fa5d970a83,0.030628149542815224
ck_fc2cb29918631f10,0.22861590975318472
ck_c20e89afe575549b,0.0013209874380015994
ck_e1ff9e31becc27ae,0.026700167378315699
ck_18116d0ac08f1996,0.90487326788762179
ck_885a83975cea5e64,0.0018395458735784285
ck_a0c3059a959ba5d1,0.045377959448830302
ck_75257ca7d7da2861,0.043170763238575487
ck_2210f7a0d13bdbef,0.050389389821249825
ck_9cbd9ecf8374f65f,0.0061362475632549731
ck_18f67c00ba21fbde,0.0059426557961670895
ck_2d28f14d3973d8fb,0.00077103042824724693
ck_8b3401b44aaae728,0.0025017304753204403
ck_9d8e9ef37797d3af,0.61922952052517277
ck_9f50920c894f64e1,0.0031477577012764728
ck_4737e0d56c6fa0a1,0.031049625177323462
ck_52c311f29ca3aca9,0.00089094323663614931
ck_6a4981bc721df37a,0.01828777874105366
ck_823539d936c55fc6,0.0026624963723075505
ck_df5aedb4118020bf,0.90893222534337603
ck_a911a066ff0f7b56,0.043642643951145713
ck_684609767df4a14b,0.021763712903717487
ck_f2350bf355dc919e,0.0043185066061049359
ck_8452b6cf97c65a5e,0.0034868990812358287
ck_084cd84501012218,0.64005383721001097
ck_ace6b72e5bf3e93b,0.088324846897310058
ck_2afdd69094c955c5,0.011080161945832619
ck_fa7d5be26bf7b31c,0.28505159037013883
ck_4b041217690fca2f,0.013813844133252616
ck_9fb8e3d38cdf276d,0.94336936381183423
ck_c1ee56d65a42f59f,0.0093184235685432361
ck_fdeaa1cd085691f0,0.047746030129712937
ck_5de33a7a87e9aa62,0.012724413648186387
ck_7476e7fe1ff45545,0.010959240297780854
ck_b0a947b498e47018,0.019778389220605069
ck_e3894ed88a7977e4,0.0021429980112212289
ck_c7e07ebfb0bc15f6,0.048229709836562627
ck_3a3daa8b376f2a18,0.0014322902196018561
ck_87809324c2675b0a,0.015308441366881049
ck_7eb4f33260f1dcd4,0.0037013595806430072
ck_ab9f0e08af030060,0.0076390719759451258
ck_5b8fc4a76f340797,0.051461878218626092
ck_0e7bf10ef49aa818,0.01987713144444217
ck_a44462a3853ac67e,0.98976113433672352
ck_2d14bcd2e0fc043d,0.0033465967900682767
ck_df1f2dba802296be,0.90223035511816996
ck_466a7316eaf149b1,0.014924281017379505
ck_50df50af592b0c06,0.0091274526575799257
ck_5f9e34c849704b95,0.0014741233954693907
ck_7836bf6def26aa87,0.072014907952326457
ck_ba175b1bd8efaabf,0.0029595261444488527
ck_1a0aac7f7b94b1be,0.12745533060678299
ck_6768c4b2aa8ce586,0.017578608035020774
ck_eefcf0ed15897898,0.0069908865394459488
ck_7a6cb27e390b6ceb,0.008763362728351291
ck_5275be4e1577c1c7,0.0021222780088974835
ck_6bc0e5b8c0b7d2bd,0.026614761918371289
ck_4874bdec79f9106c,0.056955672300617183
ck_a678731156ad7bd2,0.15173552272710986
ck_db906debc36a5d1e,0.018604989653190275
ck_e87897767c612942,0.014939143821683629
ck_45ed5ee496ef8a67,0.0070496339309140676
ck_ae20e28f9854f3ee,0.014193995496666674
ck_9ee044b73943a90b,0.0092494182605864384
ck_dab34cf6f0626c9b,0.028396525063513051
ck_64a02b7b96149810,0.0007048655213879023
ck_c417d06f3e94685d,0.0018717830661867851
ck_3e0149cdee4cb294,0.006092557902263508
ck_0e6046fc30f81705,0.013333783259454902
ck_c383aeabd53e9c89,0.0066694488016322776
ck_2ef76f1f36e8b869,0.088746522412949766
ck_43948784650bb9ac,0.012881874201943198
ck_bdb966f43ac350ee,0.014953208864895668
ck_5bea0e0ee0b094cd,0.0082146136585494398
ck_dff090f03ca5529e,0.0026910093524686869
ck_a4691b57f837d88e,0.0072788904407721962
ck_99ee90946395d74d,0.74505070896028924
ck_cc81dbc83a8879fd,0.0038592328966188293
ck_f3dc0725621b3a35,0.0025567493140528086
ck_1bb212d1288b9689,0.01125294105547759
ck_9e7278fc7679f002,0.025525646688125639
ck_3ded7a8720d7e311,0.0052465387332253088
ck_798157bcdb9453e1,0.0014614445231913298
ck_9fba80f56f357fe1,0.0037553263357468208
ck_f1e1c8491f16f912,0.0036574671423424583
ck_7b1319a5ca2f63c6,0.96285972670927689
ck_124432fd5c92af7e,0.40072279555032475
ck_148cb0c723284dc0,0.0093290454468420714
ck_b56c62c950eda009,0.0039826148994505303
ck_a0498755cd8d7188,0.00085222903274587744
ck_5379452a9d74efae,0.0023050855109256947
ck_6c2453229d608183,0.018874261931556412
ck_f9d8b4813a88c1e6,0.0040600803982461199
ck_c2c7d1e45a521857,0.021342568274476496
ck_4364a83a11743888,0.0028752816952410491
ck_2cdf5fd97ba75e06,0.055801117049887744
ck_71bc01291e0533a0,0.007417622872923425
ck_a725d7aed2a0bdc2,0.0016088235578472125
ck_a9b0c4dbd7db6a91,0.0083722306369554585
ck_a4258806a533efa9,0.0090643105061304751
ck_905e460591d9a278,0.025067885299731675
ck_20de8abfd8960ee3,0.0070163069466082952
ck_252b0a0f1119b220,0.00098435493710369889
ck_95e4bef65c36af1a,0.0014395721506185451
ck_5ab68b434ad53fea,0.0030407430401419209
ck_13677a1957078827,0.001224077577730021
ck_d251e9fa09e542dd,0.99244877022443245
ck_700cb620f300dd47,0.0029025737532755
ck_39a68c55a1bd3ace,0.12124571678194432
ck_61a59a7944d6c53e,0.29057575331800556
ck_db6d1c6d31da967a,0.0068665523357899832
ck_650020c500b1b50d,0.0068454105592572114
ck_d812eb6930192793,0.00082692414738541099
ck_92f6ebc11ebca89b,0.039519335959642667
ck_d87e26eb5bc84b01,0.0022406822411070127
ck_66439e697695224c,0.0016178925880597165
ck_f21efd504faa654c,0.001288336688364259
ck_15eed0f5652f0352,0.0022340791487024422
ck_bcdbf57d98dc0d27,0.018754121758959259
ck_873ceb8004d3a9f7,0.036408071456867162
ck_70bef9ddd4bab005,0.0025794673645731202
ck_7560f1891d66f294,0.0028395350253302806
ck_f439f16f8693883f,0.017728622136387095
ck_14f9535e53f9c7a6,0.013928396795189087
ck_5984be472d2bc267,0.16674756099574767
ck_ed01be7504dc4187,0.012953563902046465
ck_dc3d8b5c17b67ae9,0.0050571585241945844
ck_9dc23031b6b494af,0.042244865589643965
ck_fbdac0221bc03f66,0.0059888614502764887
ck_863708a99b92ef0d,0.024737667870087666
ck_22b52654776a1ea8,0.86181524378271779
ck_a0714f98001efa0c,0.008122668040322932
ck_9c56114f84e9a541,0.0085422391009039225
ck_e155cf506b2fb699,0.0031689176428787479
ck_65ed7e72f24731e7,0.011871891164915946
ck_822d6e8e43befc72,0.84961520400744672
ck_b1182471d9ac6b26,0.0019065357334850917
ck_821446adc95e6da5,0.0028995719881073391
ck_ff182f033134dbb8,0.010334129459938455
ck_9c5feef7647b0588,0.0052980510849094664
ck_df935d8bdd44883e,0.0060925431219436563
ck_01eb24c18ad11fca,0.094744971773559367
ck_00d6730134a1eb51,0.004490597048309385
ck_79ba8e85678d0224,0.0052799255284177778
ck_97e3b04a1350f6e4,0.0090374914260496278
ck_74e9747954a46eaa,0.0071531360243168984
ck_397d5fcc9972f909,0.032922020627293637
ck_9ede89e8a43c3f53,0.034011542365799119
ck_303b33910d67f306,0.0083762364300268878
ck_3c17841636f6f7dc,0.0037956299257694602
ck_78730527f8ba1438,0.039897934277956473
ck_5ee32bc6bb5d1d4c,0.042022496171506447
ck_a13fee8cd925d0dc,0.0066566953080882275
ck_6f847263379f2e43,0.011250597107759205
ck_9b9d9e579e7b55b2,0.09804957075293641
ck_87c1d0a79e79c84b,0.0084479515281827566
ck_bfc453eabb472f91,0.005530782087703268
ck_978c21bb5fe3171e,0.046972526576823964
ck_dd882323474431d4,0.034275986772774464
ck_533c4f7400d5ab22,0.19565169184360418
ck_5f217bfe28954e75,0.98686647288479135
ck_ae96d35465b3b4bd,0.0068541537641621441
ck_512ebe97c0af94dd,0.11395903521277556
ck_f558fe02bb0219b8,0.010788336262447107
ck_84092e23d5ef4d51,0.013383283756552948
ck_17d3022ca12eacd7,0.0052022745303629998
ck_8a8f81bf3558fd9c,0.0033029274856981572
ck_0ada6fed1864e7c4,0.013107021190374544
ck_21fe7bc59dcd78fb,0.0024045277584912573
ck_e136e20c1c74fe38,0.0027768162723418436
ck_e7a530e09d113dd7,0.14791316797163673
ck_7cb0c9ded4d63027,0.018535415001350593
ck_102db9615e722c9e,0.014274096245584865
ck_129e39ddfde92eeb,0.0023337354842994889
ck_d730ff21bfd7769d,0.0042888836985334319
ck_54459b45d2be8459,0.0039676039689375839
ck_7f1c20319eb60aa6,0.99501653553236658
ck_939fede90473e412,0.0027294959995881893
ck_e0f9506a6d5f4a1a,0.0018975767273068714
ck_9a4967cdf49265cd,0.26751392749160524
ck_b9eaf03453ac7d5f,0.0025498097337584564
ck_522477be6376b450,0.0091278874208845333
ck_9b6282e3bad50710,0.0081285825245738068
ck_a0e3a2facd508e49,0.0097282403872951638
ck_97ffae702f7c3d08,0.0012195990565829196
ck_344a95cb7115ec67,0.0063628649265085671
ck_1f2760764afa45e8,0.0026231229456497892
ck_720cd658d11ea428,0.027794468374139701
ck_04e32ee9834c088d,0.83436208909467369
ck_2bb1389e5e72c8f4,0.014428660682155838
ck_961e7dbc217cfbbc,0.0020771125782027755
ck_f3bce4eccfa6d6bb,0.0027943554796506414
ck_e0ccfa0d689339be,0.005724732961168497
ck_98217aeafa0bfefd,0.017279693636031768
ck_a02aeec1914c158a,0.015885164738054475
ck_20a17e8f206a14c8,0.0096504655393350909
ck_114c32aad4b6183f,0.042105707510084314
ck_79f5198f0decef20,0.0018328958253996921
ck_2209de229b4c71c5,0.030545184734029285
ck_6ee939b7f396975f,0.0078117564275089653
ck_202f0c14b07ace01,0.046369326779765227
ck_fa24db9d416ab904,0.0058081137707317754
ck_cf6aa24b92c4d33c,0.52910134451152624
ck_45f57fb8194cefc8,0.0076023748846445853
ck_d5eb179dc45394c6,0.01561368551610191
ck_efb24be983342f75,0.0035252753982985456
ck_245f5d62ead5ef28,0.018572730611456503
ck_15fe2a47fa7e92ea,0.00085546491352028189
ck_b6527a85fd682554,0.011945725371192706
ck_11f9390a11ce9ff5,0.019880972054613536
ck_ffb4d892c5158201,0.001532183635747118
ck_d4c1da5a1427fd6a,0.023311431302827645
ck_2c041b1efb1c5063,0.0043821521783336329
ck_ecc18f40b33be769,0.063956926243327411
ck_0525349f3945375b,0.07296612741221653
ck_0bfe62e0c7eab9c9,0.015597998223357914
ck_b7c37d410b1646c2,0.0088196681838270952
ck_4b15b0746318cf42,0.15618635814400661
ck_e5ee006ecd8ff661,0.11585078388090107
ck_ccc83cf66365357b,0.043761103548315895
ck_34a33ffe8339f66d,0.97711021380863428
ck_4e39e3b165edab58,0.92388497224312605
ck_1a71f8081ae00190,0.97111735903826435
ck_ed8f1200fc049c40,0.88571593348345834
ck_8a5a57858e8c77f3,0.014190048932707028
ck_fff9fdc2adf5100b,0.94596033586027151
ck_c76f1bf40f3b787b,0.00057825498883418624
ck_1a6ddfeef82b1b1a,0.0054476624116928923
ck_478d2667aa9896d9,0.012448095398054498
ck_641c8e7694b21f3b,0.0092998998840055688
ck_293581d879f6663b,0.65279974800315754
ck_1bfa8abdb22be8f0,0.020986136815032332
ck_05ab5b03d0bf9ce4,0.38361650240038991
ck_35694db37f0cde7a,0.0009153714443225217
ck_fe33eb743d714c03,0.0073604747672070953
ck_abd10fbcbaf2b038,0.003724229279049909
ck_46d51648c1bf80e5,0.42411568683089229
ck_5c8390017fabfaef,0.034918008456547509
ck_87d55ca333f22072,0.0006515654461951622
ck_c39c6a1453e2b92c,0.001004459065099056
ck_69ff1b0aa143a168,0.0018833125692094884
ck_e57c79eaab35ded7,0.0058363531489124187
ck_463ae759e2b6ad1d,0.012841723525467155
ck_0dae4a7eb587f3ba,0.011093575814356726
ck_9b12fb56529ebc4e,0.007421016407337909
ck_1af547077ba2dd03,0.057257334134121186
ck_de13de941bebc7cf,0.00069058419094827396
ck_83dde7da2bf647ac,0.0019048373954725904
ck_c80a94d4660041fe,0.078569103090645298
ck_f39cfeb277ef6528,0.0007277799408367153
ck_1cec1ed1512a2d3d,0.00081759085471477051
ck_7955a359b6448799,0.0017163152997416761
ck_8c0955dad13c3ca1,0.0038492111362116105
ck_6d4cd2de601a2308,0.0078113177216197881
ck_f4536ba8dd2d551d,0.011722381214655787
ck_b379c198d6db2d62,0.0062144504001789003
ck_76ea90ebc74bcdc7,0.017778758476887948
ck_734f06bd4aa92781,0.0064674141484783523
ck_677e1d0c14cbf569,0.0023974944780730365
ck_259271c70f3fbcbe,0.075615724622730668
ck_c0b744eb9e7d4eb7,0.013609966988326873
ck_3d41faeb96802f68,0.0025245298366762957
ck_8f604fa70fc3c8e3,0.0060895667892871194
ck_0b3c3bea0e0ed339,0.013660377121811854
ck_be5df076b8a86409,0.001316537870273145
ck_6a475fe324d7d790,0.0099972741569153544
ck_3ba3fa5387bacee8,0.00089054354741475376
ck_324b9939d9c1c31e,0.011016102317324318
ck_a7fcf7b592f68ca1,0.0084010225752999441
ck_5b2728f7cca414ae,0.00067929534960395625
ck_5f4a25ffd0b85a47,0.01600007207977916
ck_63d4f5076fe4406e,0.0025719608724383701
ck_af528d66c86f0cb8,0.03423858326066935
ck_ac7cdb9b8da7b5dd,0.007225736205349261
ck_3bece63711407e25,0.020301528866892529
ck_d4e0b2a12fcfc35e,0.0034817262754409471
ck_ee3e7c9d3a9c74b4,0.038825531572112076
ck_50d7c4dab837bf66,0.0078515481006086168
ck_ebcb93a2990fc914,0.077380048974326474
ck_2329cc9702cdf7a0,0.023654350501762726
ck_db1fa53d588bf99e,0.0049522175947269414
ck_44e57a0bad5a0745,0.0098494814618648487
ck_472c81a144f4631b,0.0016493817862581013
ck_1658429acd5306ba,0.01843176009613684
ck_466103ec5bd9444b,0.015696751494007892
ck_9757163e25262b74,0.016776424908786582
ck_34ed59bc2c9b0186,0.0035490306357544689
ck_b7bd3a7f263f4f29,0.050732513357137028
ck_149662b09d632e41,0.0063024908788592085
ck_a9ffd6b3957bd41e,0.0025199402154104196
ck_ab80466ef615e85c,0.003122885423182363
ck_f2c824d3473db24c,0.015580879745212006
ck_a4a01fd45936b078,0.062030130424899861
ck_8f6ce158c2902877,0.00085604269717055859
ck_5189a302cfa7cefd,0.00049622302376012186
ck_430a3d03be588201,0.0041426750508800321
ck_b5f9dd00914b4db4,0.0046791496772687867
ck_52dec82e9cf6135a,0.0022542310260012517
ck_95e444a01e2ab4a5,0.010733926364060236
ck_e37cee7b123692af,0.018644127958022165
ck_d68d42858a55adff,0.027664098942228994
ck_3abfc010091d679d,0.016971443912611558
ck_cee4e4e1b62bf82f,0.021141490419214704
ck_9ccb17c35e636c5e,0.0035262945621918965
ck_f72a5a3b0d6c1177,0.00068043740089458792
ck_7508aa554fae6afb,0.09938120112247581
ck_003aa842b7ca1d77,0.4291075772536096
ck_83b2b192f41ee2bc,0.3251060709237733
ck_64796b6b2c3c7f06,0.024916663352394314
ck_6438ae81d43cb196,0.005116183099242967
ck_2bd73d9098504760,0.027020285043972973
ck_aa8b9b36a099e4c8,0.010106899327497802
ck_e5ece47d0dd10526,0.0045781083520655373
ck_16077ac345472e6a,0.0055068490443171145
ck_a4d6e152b0076964,0.0024570808991030363
ck_d90b1d03ae151f62,0.011542952912064581
ck_18b36d342b530af4,0.0070697494907757136
ck_2a01e610348b84f8,0.038825465193198141
ck_0a93ed76bf36c8b6,0.0079864643046810152
ck_3d56b477fe2370b6,0.039225320384675813
ck_17ab3068fa303682,0.0024102995647575266
ck_592a3520d841d11b,0.026043437235337773
ck_84d07028b5fca2f6,0.010854427791831938
ck_f4a2bb10afa85743,0.0038969166987160696
ck_4fe4b072f03f2c1e,0.0016383626648319167
ck_9ad08fcc183ea1e7,0.001527953297814702
ck_130d3848b9dcdb05,0.0064551819303046987
ck_bb399ed6bf28c230,0.0097183198601424013
ck_a31a64a39a2c4941,0.0014850779435100305
ck_c49f25dfb39909cf,0.011538294179105306
ck_55f50a9ae2db8ff7,0.0022847247161554424
ck_09faa4e771cf876b,0.0033668745795489988
ck_df520a7a6e405889,0.051205343448598839
ck_8c8c98cc694ac900,0.010373880526163979
ck_7f0c4f609673ef62,0.01734188686798805
ck_f51fe59cd445d2cb,0.0034480210842699408
ck_b3fb83f0d772a831,0.0074183886194107524
ck_d6e7e257751c299b,0.0018801963103374018
ck_0d362ddb4a1cb6d4,0.0055731080109949274
ck_a574a08edaf81781,0.0023986886684016608
ck_a823f5bcb0e4b9df,0.00099866875875957522
ck_f792586ad0381eac,0.019805176314376154
ck_54bfd70022c66983,0.0052369597777071931
ck_fe0a9372c9372de9,0.0036620552454357446
ck_5691cd6fdb6d8147,0.021053177077754132
ck_a95f212a02433d23,0.018166775681201099
ck_f5adad75e1c06731,0.031105335461989549
ck_e09c97520eb0533c,0.0078786565819659558
ck_a1e13c0d58560340,0.0010920114422517371
ck_cacc2ca410cbe80b,0.016701323401477487
ck_c0dde2a6ef1e08c5,0.0027377456734796459
ck_a04403073c90ce38,0.00088762695394664518
ck_03d3026107175dae,0.033520368974039441
ck_50176dae5b1b716d,0.0027967422990453081
ck_6c084bfcb38e96c3,0.024299550299424325
ck_36d2be9012f7909e,0.015920899483344658
ck_958acf84c6137a22,0.0085604114897847496
ck_114722e12db90a73,0.0048704084170331612
ck_203c2a22c0c165ac,0.0023078860004448983
ck_2c44ca550e5cfa82,0.020342549875103328
ck_df0a8f20ab8f14f4,0.028049990111552563
ck_826a27ff7555192e,0.0084978182114382166
ck_09a988ebcf062297,0.062050641412417291
ck_5c82444b3b9160ae,0.00541413021660005
ck_f6a4a7ed27fe76fc,0.021663208765411446
ck_17de46314b5c6a92,0.010381807294094166
ck_335e63101b1e6c4c,0.31592150813165876
ck_c5eefc0697451de9,0.019290184776707867
ck_49a0efb5d4067b6f,0.10771498748328577
ck_c1f4509c8f5dac5c,0.0036062447757008475
ck_57658eda1c59bc52,0.0020955950742589306
ck_0d5c0736ec76385a,0.00086255875922785423
ck_e0239e6ae30795a7,0.041894961622542713
ck_e4459115cd8e5e4f,0.0080328364115138731
ck_bb4aec09d4968dda,0.17481289994194493
ck_a1b4c96faed3e0db,0.016249721799442549
ck_8247b79ac67aae7d,0.0089294325764563507
ck_fe2fc7d6e5d83f09,0.0015355005474600356
ck_f6aea576cde8d592,0.00089320950422664032
ck_b7e7f7d0cd886412,0.13205505961474606
ck_ca7b993e8286af7f,0.31860561638486379
ck_47de038381a9cd65,0.011578975012609599
ck_d38f941d09eec820,0.086452659198371751
ck_d9ba2a6c0d926b4d,0.0017099240302233532
ck_cda72f597330d0f3,0.0016427427553796958
ck_16d2d27fadeeacf7,0.0069048550921833544
ck_be05447853d423a9,0.00075200846746839047
ck_cd92852d7376a4a8,0.0013487234106097277
ck_2faf7ecccc9fec58,0.0014273685533612327
ck_db8733fd92f20cd7,0.0035056141204835257
ck_a9989a3a94c26634,0.029659466267012727
ck_957fb25437c75e41,0.047739067321189141
ck_e6a6caf6e7de17c2,0.0033663864242387586
ck_f7bc569b37e8bdda,0.0095772455747103642
ck_703b375dd86a6124,0.022326989130321325
ck_d3cfb3603f2c6ca3,0.023943003638951875
ck_07cb2b6f2a4303e1,0.018890204885206596
ck_31631e2028d4f855,0.0042961330689678025
ck_1631bab0ba1256db,0.0085873816857791174
ck_5fdafeaec036f016,0.01325571338680296
ck_6eda4c36aecad602,0.001842806147675597
ck_bd1bf9e3e29de281,0.019463354387112261
ck_bf378ea558a4125f,0.63365840316659339
ck_7aa2deeda0e57412,0.99574343128286658
ck_d229cf7f5a3f38ca,0.0097138270715679091
ck_9e109edd124492a5,0.0012588830014847317
ck_779491819995625d,0.7224604226894451
ck_b89c6fa2ad0a12f5,0.017317215197328636
ck_1d01b4a609918c4e,0.88258066469911001
ck_714c5d7cb17bc9f2,0.0050156517805422535
ck_269f1746f2609ed4,0.003357102702577019
ck_4be03a2aa62b93c7,0.001342172585800352
ck_cf920313f6dd28fa,0.0061811321097953124
ck_fb00aae4e17740c5,0.0050523417753205509
ck_085d8c42739e2b10,0.99277078010796971
ck_c72a7d0d03cf3e17,0.085255590929426361
ck_8f6ca5d3b17eac6e,0.0012862984130395947
ck_d9573100bbff4014,0.25469409266438214
ck_79d6793d1d0cf43c,0.0023523728620344817
ck_91fa5032f7aff0f1,0.13878641978031581
ck_87110d84872c0fed,0.01606302951757077
ck_8220da627e9992a5,0.003786746843885871
ck_2ae44938847f3852,0.0068188348137605895
ck_b0f191e44f9b6f35,0.029205658364498618
ck_3049d744b527f4d0,0.0021138823931105672
ck_47d3e8d1dd3fbcef,0.015172031551688475
ck_ddf787359d2b5deb,0.0008738805987397757
ck_b27a9e39726b26d9,0.00090398913123353013
ck_80c4e9274cf976b6,0.98603829879267768
ck_c6afa913168ce8fa,0.0023987030669079881
ck_52427b3f8478db19,0.011484848301509504
ck_3b810f15ca0eaa55,0.0032085690254371173
ck_0c9e420f97baaa06,0.70304280574748945
ck_f8540cf3a8b2f8c9,0.04492233999505419
ck_1402d24dd623df72,0.0057223095960639483
ck_eb4f4267e24d042c,0.0016403305604236374
ck_6f661b428d6fb8e4,0.030352803483498281
ck_519a26ecf3d29c90,0.001885390083497549
ck_e886ba71d4a6fd73,0.01265890079455784
ck_437f9ecd2016a1a8,0.0064583220260880612
ck_f01af1b0c977cc06,0.0053315288126380336
ck_614f777c2eb5d537,0.0031195953519671917
ck_b804e784cde9af8b,0.011492427371040247
ck_c2dccbc1b24b137b,0.064578090635221908
ck_1df4a1781a0f6999,0.010286581167990385
ck_bd2cdd53fca26171,0.0047705395248276083
ck_424c254249a109f0,0.0073558562608393675
ck_cf2ca4f286e289ba,0.080793986316111732
ck_6c33cb15b0d8af54,0.002868555330765511
ck_311d395fa9b8550a,0.014792542994695649
ck_9f792e7e721ff7f1,0.0013988006357840397
ck_4c37586080edb7fd,0.00098326454013798444
ck_7c4f42c5397113b0,0.0046247769582157747
ck_fc418f53ce4aa579,0.89003683427921432
ck_1ba28fb7ef726ce2,0.0071089563367909888
ck_d932f98bf6b83956,0.14431568345430612
ck_248b3659a9239240,0.0068223417201229829
ck_6a92cf5f4cf5de38,0.010368378414910924
ck_65519d0fb137e0c5,0.0018205744674155938
ck_ddc3fc99eaba2064,0.028165559308623331
ck_7310cda3bc65a73f,0.0034773076053667275
ck_c01c85bd631d4054,0.0025726687641352548
ck_b4954d16b9749829,0.00586633696019178
ck_f301f6758e170d66,0.017964771414215455
ck_9bf95f8c47e7c7b4,0.0053897102792763467
ck_c91b7fccf6aeb4a5,0.035040797968373893
ck_785fa45e86bc5e95,0.006981685424929043
ck_2a65f1cc23f1180e,0.0013807703176707668
ck_a49a2c1f881a3560,0.0020798090450829167
ck_def344d68f06d749,0.014433178029844276
ck_abbd1465fc730d78,0.0024122988395264013
ck_07a5610ed28162fb,0.0055544856368567666
ck_7ecdee2d7127be8b,0.0043052974294687327
ck_67858bc00e81490d,0.00073536624101999811
ck_b4ad165ace910222,0.0032867954387071118
ck_30753ffe481a1b8c,0.7186878457037188
ck_c401a26725b17177,0.00081254622101279491
ck_819988d8a7f26415,0.0027263940725962121
ck_3364a1d9261b3638,0.0026818369037048383
ck_c484c5bda389bf20,0.0010281913706876211
ck_ae416325fef92c9d,0.95290550941558427
ck_5517b9a865960542,0.0027312862293255246
ck_a0e96fed380440b2,0.0037371725624739094
ck_e83409471d2b0b44,0.013913831517101915
ck_127273af97d7827d,0.0044268129114851205
ck_aaa9861c91bd14dd,0.01474943802132264
ck_a378c58294001a36,0.86384004300119865
ck_abb9d65ff1f95b64,0.027075963954217103
ck_a5ecbefa849ae569,0.0091587573199866743
ck_aa9953c0ca2bed7b,0.0011729244500442658
ck_40bc6de252865f32,0.0023928894850452085
ck_9fb11688dcfe1513,0.0046890155337162166
ck_ba68841ca2ba073d,0.016284175377530446
ck_1d3e561a7d20be0a,0.98044093859859272
ck_99a92d710a29c1d0,0.0022754263052097512
ck_ede2e887697ffac0,0.0037367852988536504
ck_e6de67c0d82a7b83,0.012893561827487715
ck_6b38763bf5ddbcef,0.0056671147739530648
ck_8dd44eead7d765a5,0.014696915255428562
ck_30bf5b0056eea9e9,0.25862730955633828
ck_2981d16f8a51a8ed,0.028518637961324589
ck_fc60f42c68c7024f,0.036456377759343475
ck_8e2b2251ee224aa4,0.0098195958715323224
ck_1906f0dfaf6e9bad,0.35896222953143336
ck_dcbe6814fc4ca0b4,0.020354039510984114
ck_f7e958a286ae3b57,0.0025422135721192263
ck_713649668a7ca824,0.0080518723919622993
ck_6f73cdbf9305e2ea,0.0076865442868789598
ck_dd1c490050cd9051,0.00678541813207925
ck_e30db36e376606f7,0.12312823041211698
ck_740d8fe8028b5a2e,0.005001855598780228
ck_ebbc9418cd41f692,0.0011870520221620678
ck_7b3cc6cc3f250f39,0.0074734293418840057
ck_1d30eef7110809e5,0.29908052095119086
ck_77e0589ab339ca66,0.013446206083508324
ck_15ccbf8ff7d14086,0.0033710035262598304
ck_246989b0c288664f,0.01642487080132142
ck_fc2a6e27b10b10e9,0.0010644483365569294
ck_8afc1112c12f5402,0.0041408018435623003
ck_a76e8d83b9141364,0.050254332571302629
ck_51d3e8dd7465c015,0.0026379952065312944
ck_e7b4016909405981,0.0012191350660940624
ck_e7a3cfb9bf908e80,0.030848961023905185
ck_2bb49dc2388cdc1e,0.0015843035526115583
ck_94f4266ee7871345,0.0073428100374891298
ck_b2c896beec146477,0.011875939365326516
ck_fcf5d4a4748cdd53,0.0011695697951754958
ck_fd0483639811f62e,0.054721866914997017
ck_9a21d183524734aa,0.038276890991223805
ck_1df4b46c0a4c317d,0.029908738741412123
ck_638df9e8a22dfe0b,0.0042746071499443865
ck_65acc43a6dc3e65d,0.0035794967874861945
ck_7c67b73196e3d0d9,0.0048112776638348483
ck_b0ee3a98175b462d,0.0022332264330143315
ck_20fad010969f1abf,0.0019194193567722076
ck_54b087bd873af8b8,0.0061214540937168408
ck_8007824431fa803b,0.0011375006484034395
ck_23aab322810b9fec,0.0073305184521379723
ck_c8001bdb9aafc8a6,0.011784903041060956
ck_3a34c3ac83cf84b3,0.0019230716980869239
ck_60187ac2c473a662,0.96097263403014921
ck_6a0ccd7357979f0f,0.061471240479692303
ck_27f20337bef5ffe0,0.018037833630860194
ck_f9fc468915afe49c,0.017587357171626891
ck_1eabc15a94bd9009,0.0063227938617675039
ck_26896c494b2768ef,0.0033644352990528084
ck_348c874eaf0354f4,0.010124901300041298
ck_be9c46acd216b45d,0.0083252361929226828
ck_a3cce46d15cc20a2,0.014392425690918854
ck_70804f60d9704128,0.049002096559623121
ck_a019151ca8e7527a,0.015425435399898334
ck_571133b2aa8ead51,0.037866486401784166
ck_0afa4449f20d5196,0.0043529343136667611
ck_4d503c41cf4e5034,0.0052104536347320606
ck_d6fb9cc5171e3e9b,0.41519409039677568
ck_05ed92a7c3e10e5d,0.019926087591256966
ck_bfb067986660afe3,0.032610893229599536
ck_c1a31690c8573226,0.0018374349331708236
ck_cb88ef3dc1f42225,0.0016788227956569032
ck_21e3b3bd998745e5,0.018361333567020972
ck_cf52e46fa54e4540,0.00066940968007592151
ck_b72c7ac4208052ab,0.0068115084572795718
ck_e6465c56b337e6c2,0.0070710071909550181
ck_5f87eb05d18186c0,0.0058188896506186673
ck_263f6c5ff26b5e98,0.0018345649975889892
ck_e0b7e2c0bbe228d9,0.0021700971062987391
ck_b657ae3c146cb7bd,0.0010938516142099076
ck_abac514d8167ea58,0.040220023720044171
ck_024dcab126876002,0.0057457178631038948
ck_5d8481e2b38bd99d,0.011011602656893183
ck_edf229c17d25dac1,0.054240512097900401
ck_6cb7c97b72d6b5d3,0.0052848353313284212
ck_c96ae2c28086a059,0.0085514477526023522
ck_2f241b97c0f8389e,0.0063880652402237125
ck_9158bdbb63ee8987,0.0025815978211166063
ck_e7b40b60786c1530,0.005141279589523315
ck_66d38518f68e6194,0.0010247804198276426
ck_8c9b57ad2a991416,0.0018259067126436439
ck_cc91bd7152d3e9ba,0.016283791355707272
ck_0d846660c7957a88,0.0033202169005240719
ck_60896cdac2212bea,0.043285261058005509
ck_dc4db8b932df49de,0.021419111862652968
ck_2dc31db181150e20,0.0055789415284939548
ck_2f138fce1171e277,0.0064547575678451999
ck_68b8b859a6ef505b,0.013741336206662239
ck_c3fe0c6c5e1f40f6,0.0027291549677141472
ck_15886fe84866de92,0.023998168169524513
ck_ea269b35406473e8,0.0010772140886194594
ck_3ce7cad1f69b71d6,0.0073591325716678303
ck_054ed4288ee58d6e,0.0184627984055818
ck_3d4913a86f207fee,0.058139934846880778
ck_23ff85f9d2355e8d,0.012047971357793695
ck_d87ab3261322216a,0.0030510572266168258
ck_fac046ce336fe39d,0.0037656044782571176
ck_beb97e498e6cf8e8,0.022872793467943506
ck_1f517e0ebf397b51,0.0049734972276888143
ck_0af57ebaa45877a1,0.0027307195084824132
ck_f99bc1732ce5e999,0.040977660417032435
ck_abb056a9deab275a,0.011590172632541546
ck_0bfc394c5faa65cb,0.00970262527374075
ck_ddc865af1dd5670e,0.011067983303995164
ck_68b5542459638b56,0.030765345077953248
ck_0b1d84252c0b46c2,0.0016396255324897294
ck_520ec32c4f253604,0.030727856249601976
ck_79ffcfee599d77c7,0.005350645202530523
ck_eb224c0fd146253f,0.044431051423879771
ck_0e477084434da450,0.012457424667361799
ck_07840bba5570785b,0.028247383085138612
ck_6b67fe8e310ab865,0.0099633686081801315
ck_e2a1068c2fa22525,0.013105329818218551
ck_b9c6b32f6bd92a3c,0.0054311925035212608
ck_c1e7d1021ae58f00,0.0010103083284700876
ck_5d7801201749ffde,0.019840085296155739
ck_c8806749e263f70b,0.00090032644795258216
ck_c9eeab826781dc91,0.0065157759067811741
ck_309a432c160a17b3,0.0054372685699375688
ck_b22e3337b8e3dbb2,0.0047779596642005496
ck_79c30169c71b8033,0.92127269418476199
ck_5a6593d954085775,0.0014177470043784937
ck_70b9b79ea1aacba8,0.034611836327716319
ck_63743141ffa11f45,0.0059609976595301596
ck_dfd3dbd0d97a642b,0.0062497460884652313
ck_635646a661f05b4a,0.013510984413358792
ck_4b123d6931b6d0d7,0.066809668881716494
ck_f2b0e7a47f442557,0.90916788223636147
ck_1b1df006b81d38ba,0.0034808876413292208
ck_360237c1bd30f4bd,0.0029597190471391285
ck_5e84bca0e362da20,0.018723926168183004
ck_142dba210ed2f3b5,0.01359072274462907
ck_a3564236069e3524,0.061154311149531057
ck_cf36d8b070ded782,0.0075845402432121074
ck_ddd6625c5eddad70,0.001929223458602186
ck_ad54292a0b2f44ef,0.032555725059684473
ck_45cd5ef6b359e9b4,0.0044121651431217974
ck_982c2392238b7be3,0.56503465019771171
ck_083e4ac78685c3bb,0.0096829468762078749
ck_729cc0b46cc2e546,0.1848187023417544
ck_f2b8995fe5402759,0.0019951946741972636
ck_73e24f5a8da289b3,0.060969137190668536
ck_bd85f30c36f5998d,0.054211534367250229
ck_ee4ff3aeadf912c1,0.0023471380910910548
ck_63d2978706e193d2,0.021731657677775906
ck_6a0684436a1e66c3,0.29213526365937342
ck_182dc4a2f5a366da,0.00059446891297254317
ck_e6fecb82fc2a82de,0.010370455310869666
ck_cfb06f07394dfe64,0.00058715397321860616
ck_7bbe1dc8add17ef0,0.010811019357232525
ck_5cacad76e02c8e3d,0.97247355381152722
ck_ca68dec0c7df5a12,0.0021423140420392811
ck_e4c0fc52c82065d3,0.0022295900786810548
ck_f9197b070416f443,0.002293838736249974
ck_2a07c7021b71cf65,0.012000818941360347
ck_4fa85cebf707de2c,0.00074142362927364215
ck_0063d2a9507467e5,0.0059124167062165533
ck_ec986285fff05b7d,0.00130248558225098
ck_279d43303708109b,0.0058060283398481856
ck_a406bf11e48cf8c5,0.045500779903013135
ck_064b2aa3f0bfdb6e,0.0061732500667440087
ck_95790440bc4bd2d0,0.0064743190534667719
ck_70066eea13b4c34f,0.0054126949575932582
ck_19468fe07e26f992,0.97717164996262607
ck_86bfe328e0a533b9,0.90271797663545095
ck_ace3b96c977a7560,0.022312495002436997
ck_642344e5c652d8df,0.02533317376734992
ck_074be35c951ae10a,0.021937059074411677
ck_f14dce41036486a3,0.98926726941394993
ck_5cf67a3a747e684d,0.014221099896674656
ck_f7285b92648c1c81,0.0015224664250329011
ck_bef3193f124fca5c,0.27440422538695119
ck_05c4dcbb45de1f8d,0.0034284201273931613
ck_d7c28eaa05bb7144,0.0081790425669962148
ck_320df984791a1b99,0.0020163186383840891
ck_f45bad1606fa00a7,0.0075773238116744693
ck_6f81c199e986d9fc,0.0049816628896149646
ck_d0c9633fed57c344,0.0092656348940700177
ck_a3c25d6cc7478068,0.0052204088801063673
ck_4185506d12cf9fa0,0.0011751393448425514
ck_7a02ee1bfba7353b,0.022889236652232602
ck_1b52590757c0fbeb,0.035663207765639172
ck_a0e5656e1cf9cbf5,0.0013716229692064272
ck_ace21f6daef94f6e,0.003505602684937369
ck_646d8d0834782d6a,0.24558167146464671
ck_1f136a4476b5e775,0.0038718983325037063
ck_325c7643cce02da3,0.031064395869711024
ck_9b5e7fe28208f5d1,0.0074699718898208617
ck_05d81b1a150f31c5,0.00091065593061530922
ck_0e9ec486bff403c5,0.011265716218581032
ck_ee13c091bc379188,0.016394748380625882
ck_f7a7f8f5903617c5,0.0086650507628560983
ck_96c3a3517153390e,0.0071942995542162366
ck_538dad7f096458ad,0.007949955642099776
ck_8758fc6622bbb7df,0.059013766389260751
ck_f7e53af3c91fec64,0.010921323005496853
ck_80b50fad7f255e1d,0.0014682605659441694
ck_9645e7adc08631b5,0.014411073198497515
ck_e007aedbf37d6ec7,0.0068001983349209663
ck_2951d76c41de2569,0.035588860763937621
ck_9439bff87e616d4a,0.0073617109946020939
ck_a73045e96af0e4fe,0.0092852256256557436
ck_7b382e533e2e925a,0.020512909731329479
ck_730226c2d216cacc,0.0096537798279192101
ck_bdf837d761a7cec2,0.52922473489233657
ck_0b34197335ba3341,0.011205379320099813
ck_49170c4b31a20f5c,0.0011058185405005273
ck_cd553ba6589d8bfd,0.014258729718406481
ck_56b992c6f136fa5e,0.0068401395156068197
ck_8beae3d7328fa41a,0.024016204794106807
ck_1a065ea906ae3d6a,0.001671227551989141
ck_e9e3381d5e0e5051,0.0015050448218567238
ck_a6d4f998dadc90c2,0.97247192413783523
ck_d36733da917115a6,0.02120255832593701
ck_e738e920bbd74a7d,0.015432477191553455
ck_af65eb885a51048d,0.00084938142154913064
ck_73f4eb09af29b1c0,0.042455021193476099
ck_8fc641b1750a2542,0.040509125194070322
ck_41b954c7a948c060,0.0017159804273148655
ck_25fc3010e8a0f6d7,0.0038350129189956214
ck_a2624e0387974e0e,0.013402127170714328
ck_5cb9d7b2329d5ab6,0.034171651796539255
ck_6c83aa1d100a7cd8,0.037835033674394253
ck_67025c64588abd1e,0.0019476552083880212
ck_f5dde68f6f0468e1,0.0020400092238349004
ck_46bfb2cfc29a6d2e,0.0062250365058133294
ck_49dddb894d33f6db,0.029712182432800931
ck_f738b633b8862d18,0.00056603733031070937
ck_3d6c3c00d854f5a4,0.19733405877890514
ck_cdb8061d8d1a6c5f,0.0035530679092805398
ck_5e1b81848718bdc3,0.0068738443512140392
ck_8def763034187436,0.013829734964603607
ck_8f8e4fb9c6190272,0.0017039014102965717
ck_368b968b5f33431e,0.00085019439608618585
ck_ba7e347251ea399b,0.017808504781373968
ck_9075432001a64e75,0.032049344716110054
ck_73c5371635aca173,0.78329237788984141
ck_81793387b38047cc,0.0026977523178634394
ck_0cf220816e320ac5,0.002235335284585293
ck_820219bb9c761b52,0.10591457860058749
ck_70a932ab39d86a24,0.00083449479741149835
ck_2c4be237a7ed79c7,0.0030005628250466569
ck_acc764b49ef02826,0.49977174458819046
ck_74c3c3452e4e7cce,0.0015812832229203805
ck_34dfb57e5bf31d2f,0.054651543639460239
ck_6ec39903f765956d,0.023696485521541202
ck_5986119e7d81e831,0.01089044933024352
ck_2ddfc948b8eac752,0.5762348016581722
ck_921ff5ceaf40a968,0.033715578818180755
ck_fb3b68b4424b5f92,0.020285731481914319
ck_c3db1b3ad4f16679,0.0046471899705051176
ck_124a197be41687f5,0.009122553660616723
ck_c58d9151834f5bad,0.010107357878700436
ck_389607982eb6b701,0.81341214571135323
ck_fb0c138c003e933a,0.00096792925394255142
ck_50d0bb7edd8c69c0,0.025938531822286982
ck_c6cb651149dc9a8a,0.0016291274682231017
ck_81e21354e477eceb,0.021352624145145827
ck_7696e38b3e4197b0,0.013970433456929379
ck_586001d3ed9e7fbc,0.0012383210461283051
ck_bba413492dc46f2a,0.0069079288921208015
ck_95b894380ad2702a,0.080219285690360562
ck_277621473369614f,0.99334222492285851
ck_a50621b5eeca84b4,0.00073021828553268379
ck_bfa7ba218b988cde,0.022532631582493409
ck_5ea89567dfe78e4b,0.0091454085731249857
ck_6c679602a6476ab2,0.0085918464077170686
ck_d3885e286b3b11d2,0.061172671882900577
ck_cdcf6671b37c9c92,0.0058889694091549052
ck_b5c93e6d34f8d366,0.0011215425141605018
ck_c24f61925dc158d5,0.1013386736906928
ck_cd09375e6c81d2c4,0.0074193173326533111
ck_a95afc7a00303a26,0.0043475809026407809
ck_8e89ca8b39f3f8ad,0.0027243486865699703
ck_9a84b396aada3fa8,0.017278689171843702
ck_5124a2e415384945,0.068895447376124935
ck_d66bb1f063357f99,0.0030002440928964562
ck_0fd9312411b0ac55,0.0099478009680452444
ck_ad8cbe6e27e47ede,0.02142937671463474
ck_8398adeaf41f9cae,0.0058548295170753979
ck_dcf851e7bb5855d0,0.0028382759482250674
ck_9affb0f26776b642,0.001461366129275219
ck_f0424b3b36bdbef0,0.045136563678979405
ck_66746d1090d6d9e9,0.00079598116919704631
ck_e5f8c8a5824db594,0.019841967508741402
ck_3e91dcc209431984,0.015926269795577066
ck_126a82e8d42e5ce6,0.0011152043455111146
ck_38e4a74ab256e2eb,0.016431714387864924
ck_1225a97fc413a419,0.064311827817065167
ck_9b5ec0f78e160e65,0.0012586821916274308
ck_7c5529bcc079600b,0.013769074709300244
ck_29640fc2fe81c251,0.62878824635050079
ck_160e9ba0a3f7c1fd,0.0015156366078577746
ck_bff090cb4ab76b9f,0.0050892761614342447
ck_aa06ed358e43db69,0.083141941102227085
ck_7264486eb512d84a,0.0021635976629635493
ck_f5a32e6160b28379,0.0032270603516863397
ck_4ba8bec14c2217e1,0.0040411124129073137
ck_610815786d729d2f,0.011761436149139475
ck_e267999226b6321b,0.0010516699964657754
ck_f3996a3c8eea1ea0,0.0072747915177832478
ck_e9b75ed7567a3f23,0.027617918525013399
ck_d21612d48bb4f7b8,0.0082175994151636993
ck_1f871df76c6a995b,0.066572852657808712
ck_953bd5de48ccd70f,0.53550066606406599
ck_02a9104419a6dbaf,0.0042950851343111687
ck_1eeeee651e05d535,0.043739913317070507
ck_e2ab04136a442a98,0.0042455578836643471
ck_f0d806624ef3d359,0.0034184555547035985
ck_4b68b38c1b3326a3,0.0015793967396162448
ck_74e60495f8861156,0.0095119173045345954
ck_398f3f4cf05c721b,0.0015348650009974123
ck_f761b7650a0c1a85,0.01331817485946574
ck_7dadef33f5e2d94f,0.99231848997159555
ck_6ff6883633b8c7ba,0.0011150924674251624
ck_4d2159603045109e,0.009362687375962268
ck_a38bd07a5fac5c9a,0.0024853280429745959
ck_f517f06551e69507,0.00201358217938509
ck_a7ea00a1760ad561,0.99172789106941783
ck_31fc51d5a3dfe16a,0.0075985645121953559
ck_bac5233623b25ca4,0.0026727500268528062
ck_385188ab27784fe3,0.081333853892778515
ck_9947a323bab5cacd,0.067486867218293306
ck_7973edc9f22ee7b6,0.01703267537440404
ck_f97c477986043755,0.0010872012239001277
ck_1a3fd2cc4b4de196,0.0067925156186239583
ck_e18ac29ea62cb435,0.036789085176751529
ck_9720a472a3e0140c,0.0024658472528913417
ck_668c7fc7d7e47c0e,0.049180599278092707
ck_214af0806470ef48,0.0047252626675843706
ck_a46c1773f01f0be7,0.034870294733222972
ck_f2bdcfb4203ffdee,0.01354903407279846
ck_40e84e6ffe788a4c,0.016386650074000475
ck_dfc6f5712d8d6678,0.13001110826116741
ck_01ef1036b2e66a4b,0.0018055194557224617
ck_3acfec10eec32f9c,0.013285299320428795
ck_084a85145c15ed77,0.0070001652163278957
ck_fcdb4fe2f095fba1,0.06485733546996747
ck_023908db0a193076,0.041279858727076832
ck_fec0ff92fd622253,0.0087124743705020592
ck_c009c97d5fafbced,0.19295452600744906
ck_eb9f0c06ee017ee5,0.0071941974686372742
ck_d7792b429620fc24,0.0074304097049275692
ck_5e9e149a3b69c726,0.014300283403027282
ck_ce927322ef8f651c,0.011260962965125684
ck_b8fd61a8e82bce32,0.98827394699650095
ck_9aafc33fba1474cb,0.0023590207321657584
ck_ce81ff9b8b35562f,0.0078060661920136736
ck_25bfca1d8eaa152d,0.0084822061245058561
ck_170c65860e2a7e23,0.0045124719634682137
ck_952da7ca9f33decb,0.0048276916890450071
ck_1ebd574406235957,0.0052643199207903493
ck_589109a188adc2c1,0.0014875656242819468
ck_f0cbd5383bb07778,0.096509910832133394
ck_242521e261148fba,0.0046491915903758996
ck_509cece86a558de4,0.003202093037642417
ck_0dd7c5925d28755c,0.0034454472114447787
ck_a7e669cf1c3985aa,0.021237881765037971
ck_acb84dc2351eeb76,0.0025542257306508313
ck_b837c7dac2a9b931,0.015909682827907293
ck_18eb1f9181f95df4,0.0025433344017492922
ck_b0b9047dddb1ec84,0.62733947735287998
ck_43aa136bdb0a2832,0.25309779974844343
ck_3e47f8c56c811700,0.012694084522911544
ck_77c587d24695ea15,0.010825925755201977
ck_20578ac693ea4e93,0.012722150670482983
ck_b9f6040eebd1605f,0.030700757477534826
ck_ca9d86f65cfdf018,0.0047978040005906978
ck_a4fa8833995c716a,0.0044136363576235847
ck_f589f1e29301b5fd,0.0089256058117438575
ck_961ddb8ff55d868e,0.00068185692395188961
ck_5662492a54e6688b,0.025723221589179474
ck_ad48826c1c26eb78,0.87222804687169786
ck_621c9ddde6bf2eca,0.013452456258569227
ck_417a3500b2c717b3,0.012450127640091187
ck_c7e129058beb3ac1,0.015009146053888629
ck_ec1c902b9b9b9c5f,0.085415846671345511
ck_317360ec0a67d27e,0.14239924013969893
ck_3e3ea5d8c4a229dc,0.03038004987268603
ck_d11d27de7bf0b973,0.12220497959230281
ck_d37d56e931105db0,0.001624135509107315
ck_4863077723cd6ce1,0.0014862037086175201
ck_479a065d5903e9c3,0.0029412673215790429
ck_e66ae4fd586fedea,0.00097475107184226049
ck_192bbfd0d5720134,0.0037140369566584161
ck_3b436cb29af99f3d,0.0086919086919638403
ck_7c7ca54969eed187,0.011959182479180083
ck_826ee896c9f1144d,0.16152134371824356
ck_ba1f6dd43fc8a0b1,0.0086190581304368789
ck_49685deb63e4e8f8,0.0053384724041819556
ck_687ab5d5554bfa79,0.00752459631865386
ck_41346ccd9242cc8f,0.0016080918786590473
ck_8f8e5e2b9dfec3d1,0.013092540753453407
ck_94d5ce61a0c50465,0.0069954175789177508
ck_6b954c75aad8c012,0.018925860510511341
ck_748af92828c9d288,0.0083059588652264708
ck_dddd14091ce812c2,0.0062387426420954231
ck_723323f6870fab59,0.008535938558595732
ck_dbdf8d0708cc6718,0.006944214463585249
ck_f04938570a154de3,0.003632904241981759
ck_58afa1550b3b5294,0.013510600981036515
ck_3b150afde386ecff,0.010977974078161963
ck_666b95e75d99ec4e,0.86752003201321637
ck_e00332597cf1eb24,0.030002669123815523
ck_9a9e3dac79280d7f,0.025367331917782402
ck_e8d37262e859d9a1,0.011564130157111272
ck_895bb39d24bc1c4c,0.00066560252544038852
ck_b367449195e36499,0.010353613564684826
ck_d23f9a50d1135ce1,0.095225436382401399
ck_670dc4910cf476c2,0.0025790356814405823
ck_3ecd8a5ce65e21ca,0.0052726170082988888
ck_8584fea2df4c6317,0.048879390728503683
ck_0789ff4562202b20,0.020687535485292168
ck_749e0e50c3907be8,0.0050331606115505585
ck_c3ff6790cc6d7e34,0.0018309478325989499
ck_75fb7e56432ee4b2,0.0061089746457398363
ck_529fc3170fd11abd,0.026053817041577366
ck_34a69b3b4a681796,0.075327858542775322
ck_255f0e5888ae9e23,0.028638805973427356
ck_65be698386474170,0.0010353242933250004
ck_5eec9ed855c26000,0.0014536617672644618
ck_5ab39bdc9610f6f3,0.58682334156448568
ck_1b5b75762f033462,0.00502527090866249
ck_d3e208671cf37f91,0.88652020288615341
ck_5068ee554ceff971,0.013983189033382566
ck_d7d50fb57fcb2d0e,0.0010254101349197334
ck_ba6e1115fceaa067,0.039900415515823615
ck_d07bfb16a4a7dac0,0.82224885186525687
ck_ead68310311690c8,0.74053027465598698
ck_ee53ce862bc9c111,0.017328264734652411
ck_97e56e6037024dff,0.0012290892658512707
ck_80b04344c98ec072,0.007559837041304994
ck_5954f45a2ab45f43,0.0099420462266289304
ck_18ddf7e836256e3b,0.0078731821425497509
ck_89a1a780144d808b,0.011453335482928546
ck_a7331e8b808c39aa,0.038124717066259431
ck_a1fd0ad03ff9b776,0.039055820199236757
ck_c0cf50eef030b401,0.0016550539715434697
ck_074f20921189e7d6,0.0035913214552255363
ck_e2aa7be60794593d,0.027644912955884657
ck_72771757dfb7f7a8,0.010204887540131904
ck_a9cd84a6dddfe584,0.016479353152612026
ck_142c00f9f8557504,0.027129146512309507
ck_221b5d40358230f4,0.0074410160193066083
ck_a2d7a563f520b7ea,0.0061568369918711639
ck_66cd34bc568d95e0,0.018017729056602452
ck_a17128972d3e507d,0.0037060586136315925
ck_bda299466bb2136e,0.016201180161012369
ck_2b699066665abe8a,0.0096001612140351779
ck_0ac9848bd4ba0c14,0.0034132816137192956
ck_98d2f9a6ba3a3077,0.78182458425974033
ck_a872df31b28a5f7f,0.091465978784531693
ck_7e73e1d44ce82ed9,0.007061897277050996
ck_1a415416f620d49d,0.0018718196466537581
ck_c95c786d2f8b8edc,0.005444726793105847
ck_e45012f22b7f91d5,0.0014161773215908831
ck_aa0b083e2a6813eb,0.024978682321593577
ck_4666232ddbf77756,0.0050942766543345865
ck_e08e9c8ec5f23d8b,0.0070459511297455944
ck_31d4c0518e5f52c6,0.0015321988382387681
ck_c1ab40638f04cb02,0.0062273975320630229
ck_4c1fdd1669c7cf51,0.0014466959879114584
ck_11662cc7940ffc82,0.050341157074594134
ck_2e679af24adedac8,0.0037670964538079488
ck_454b9e21b7f25a4c,0.0009393072404379854
ck_355c4f29089731e8,0.84577886535501001
ck_507e40760a24d2d5,0.015629647954928775
ck_0943e0f305078e34,0.98610347676162691
ck_abc54ed7111e9ed1,0.0019494566747965034
ck_a60fe02fc04407a9,0.017099169466241564
ck_244b897bb4d57c1f,0.0030325253493582532
ck_8c84fcde93a04334,0.19237643602703228
ck_9eea37d2de633b27,0.0028028137120590466
ck_b2cb9e6610eca967,0.0045573376784172502
ck_09aadb4c41b166f1,0.14918917702362633
ck_8d94fbb4828ef326,0.0032538995752404223
ck_089e3a07abbe3b8f,0.0063555313098190786
ck_dfee9de05e3971cf,0.0032972429264377032
ck_6abf8302ce052451,0.053847679819582064
ck_6ffa90143838a4a2,0.0022922998576312076
ck_325caeab5c7a9c3a,0.0039254063989714949
ck_1964ee9db929a173,0.67897754733010895
ck_942b95988a6245a6,0.063351401003270524
ck_913ecdeeb8e21a9c,0.012724297042534282
ck_ecf9794349eb4b3b,0.02953596421299709
ck_b6cb8d6ae828eed1,0.054236426544647116
ck_2f82ea66c4f53b33,0.058814637998514163
ck_6e676daa4855b58f,0.092789141853022283
ck_2a37fef48b44e9c8,0.015155115425113344
ck_3bd12d468fdc2450,0.0074055115008895816
ck_1a28b6a40a6bd3b4,0.042307971352244983
ck_61b79dec96d15713,0.0012377474654544339
ck_31d5e3daced93d3c,0.0041303122351234517
ck_e6c8611c0cf233d7,0.0012213868020589818
ck_f04761b4a937ac3b,0.0094712219575939713
ck_38c1c75cf055031b,0.029791604327169458
ck_59a561f3df01441a,0.007827943139598826
ck_04e40f556a5062ef,0.004593558763017226
ck_8409716d174635b6,0.010556306201416342
ck_3019afee83342701,0.012404489747394847
ck_b51a58e7f032c9a8,0.037561497354202493
ck_5043e474f848346d,0.024964535425549307
ck_4388abce33ecd01b,0.27267694688851074
ck_c93def7392f0aff5,0.097590056739937342
ck_72e7b1acc19df820,0.012444857887730306
ck_f253130dc3ca5b3c,0.0042709707455126818
ck_eb264d1b180d4b4c,0.10996169528530592
ck_c2504f5a113433ee,0.0019226610129581812
ck_c16ab1e4dafb4910,0.15910855994909684
ck_4bc42878fa180991,0.0085893200913471357
ck_1c771a7c78f6622c,0.019680139341705379
ck_d523f0e50a2747ad,0.0023185577865243588
ck_9060f4e7ab7a1b0c,0.0042652154351557111
ck_6b55ec4e87a5e22c,0.043823349417869251
ck_55fc62a5f89a7251,0.016474021104022064
ck_bd2545c62f258231,0.0213940710875061
ck_1ccdc69d0bb712b4,0.0045736041024038564
ck_710f867a3bd5898c,0.001980547091058426
ck_f91d48c40337d375,0.0042516667603781791
ck_f76d929541ed41dd,0.096933672258387879
ck_e26a6659c237b650,0.012584564556539213
ck_184983177b73dea5,0.012774955767238753
ck_6d0d081bfa8a0022,0.015278534004293163
ck_2f6e64f638da0f97,0.0012179357506639393
ck_15b93103ccd38609,0.010771133658768976
ck_094d10439b7b4eac,0.0031607247100122696
ck_d2ca47180a926ba2,0.0089665793017113474
ck_a69ca7b9d70972bb,0.005392640199894598
ck_68914e67343a7d32,0.0063831689766509214
ck_8176616132458c0f,0.010556354968999041
ck_eee99af3598311b8,0.021599932798999126
ck_94410eedfca91304,0.020020473436588401
ck_cfb11a0a2325bff5,0.0019076770612107027
ck_75217ee144b715f8,0.059195120555431649
ck_d56fc799542299b8,0.0031756706995442192
ck_4c352dd3e7c81269,0.017875830926099331
ck_e23e50e02cb3904d,0.026468703672895826
ck_b921af37d500e139,0.0083852660715646385
ck_82181b935360dcbc,0.97896384198266939
ck_22a7cf3b99c5e5fd,0.0077706968237394331
ck_f67ee7910d532216,0.0073562321647388657
ck_5f48762a14a0326f,0.0035045364641583514
ck_1757fcb0e6e3f88e,0.10347514369732588
ck_2c2f080ba185016e,0.036854999005328584
ck_4c25570eb72711b8,0.0011223865792231024
ck_a3be871ca22ac416,0.0040680794538240587
ck_ab70961e7c6695b2,0.0064630406078697057
ck_a1cdebfc42a52448,0.00079306926332769134
ck_f1b80b821a20186d,0.045293298165544595
ck_ae668e4564cd2aa1,0.0025479291642563832
ck_0e2bc3a5afa439d8,0.065764598461043308
ck_3dc378f37d0b74b8,0.033966370490239525
ck_9f9555197480d1cd,0.0030863806815595168
ck_bf4e7d48770a4a8b,0.041803110444350082
ck_614ef655f0685060,0.023470213231928112
ck_04d2ea38ee27770f,0.0019579930966699579
ck_e03a9d8ac94161d5,0.0013961456734977876
ck_d4007b5b26d9d854,0.0010968782752794639
ck_2dd147ce6d61749f,0.0070814117889155138
ck_ff45764ea7d6619f,0.01059346953942223
ck_dbc487cb0a6c18da,0.9478519240330644
ck_791d5392bbd80447,0.016489568876542363
ck_b4068439c413b150,0.0099951917127736843
ck_85df7b7de9700aba,0.0011678520586649267
ck_001e42551cd06e40,0.008599263216423585
ck_a6c02ae50932cd9d,0.0017981353366226904
ck_9fd0be2c018ff5e4,0.0039835662057428004
ck_32a495128395fde5,0.0017918492677840947
ck_b6f2a2fd232c141b,0.016438868545270824
ck_28dde633692904b0,0.045484885256019819
ck_a1a93c5f375f6021,0.0012746347454085248
ck_e3982142336782df,0.0096870361125930976
ck_a9812ff3c111ea94,0.014807811516256743
ck_f04062216f95fa00,0.013478767310421899
ck_7c560467daca735f,0.00068359051724808527
ck_76ee10d6e2dba70f,0.034506987823320068
ck_3521243bdac61178,0.013013243326259284
ck_28588fb03b320520,0.032472775194369592
ck_580dcec33ec232b8,0.0040631310446122516
ck_7109923fd7dab20a,0.0042490512935327964
ck_7c872c99481c1e9e,0.011550544831673429
ck_46f4e1f5026f4d1b,0.00046962483494673456
ck_00d1ebc31ec4653c,0.04504285494268636
ck_aac70764dde15168,0.027778068505843273
ck_648c03f9aa4e45f1,0.004799228371030367
ck_5478eb69ef912785,0.1882971991744406
ck_79b8523137bb2603,0.017940928081198036
ck_795c49f312640019,0.00067874553944757702
ck_89184bf7b7fe41cd,0.21845187660497528
ck_97d4bd922996fa10,0.0096023460200337727
ck_1cef30d08f3a598d,0.00087742233936976004
ck_2f9fd36a4a40a6a8,0.0010391969928866874
ck_40780fc0f8d6f309,0.028697665476554668
ck_9083ca9fec2a7f4c,0.0037353424747165764
ck_62081bc35aa59931,0.0039126645797659954
ck_2e1b46c5fc56b863,0.063428569949602304
ck_3d139692c51b604a,0.027432335989649149
ck_b5e54e22e3d6960a,0.0044718226978092664
ck_c0c4be3f44311b04,0.0021763589312161638
ck_82a8bdd2692c2a5e,0.0015179160521823051
ck_bdd2da300b530c5a,0.0037455770802237737
ck_ee40498cd97183d3,0.0055304841338146343
ck_70b9274473bd6dfe,0.002701660494966182
ck_473d6314ea614b29,0.0070595900553308989
ck_7443d6dca8cd1352,0.0024752332049069233
ck_3b49768b448b071e,0.0060363079908545688
ck_b43f04431c267dea,0.00082235224482190108
ck_4424a5223ba2fe00,0.0063217529712095962
ck_819bf3e8231f4081,0.012887192867192275
ck_91d417507a8c58cb,0.13345111698424145
ck_e88e86b19cada4aa,0.030747411717784473
ck_59684167f9c6bf4c,0.046620792166441286
ck_d5f5b0dc97b9dc27,0.016375355172165502
ck_13d1b192bbff8f32,0.0036968615296610304
ck_b21d8630387cabce,0.0022135024722034031
ck_e4ac22046699b99f,0.0069941112035427425
ck_74b848064f2ff45d,0.0035588454048497992
ck_166aa980cc87fa77,0.019956904321408127
ck_98e337806104dd88,0.0010620370272655119
ck_66eb09be007f0755,0.0078971047746573368
ck_3ec9b9d8dd7be11c,0.017947161621891437
ck_8b8b9de339d75d0b,0.014768290499137648
ck_6715139e240007d9,0.0020623273490612479
ck_a0255ab46e122d2f,0.0014637855789549437
ck_66e81a4190c33510,0.0068511712226510665
ck_5d75ea4f5c9080bc,0.10776924093239225
ck_df69858b8a8b3165,0.0095291337885082088
ck_e15252ebd7553422,0.0017816362259848006
ck_34d6d74bb3ed11e5,0.001032360467390245
ck_c2608f78f6851d10,0.60618923726440921
ck_bb99071e8f58c8a4,0.42009799982036555
ck_06010f0df5b7cef8,0.0073084755654496091
ck_8c582eb0f6c0148c,0.0034122878880825987
ck_0034d010d28aea78,0.0073473391927772946
ck_01c1f06692566ca1,0.0046936603898330804
ck_4807726e797fb893,0.014428139385812715
ck_edc9668282e3c8cb,0.01177235116309672
ck_5486768475af7bb5,0.93640681613542953
ck_3fb9813849e51837,0.012618655853961928
ck_861af5a9a9a6d619,0.0013964165834307305
ck_da39653add0f1109,0.0011369452063368407
ck_74a4244eb1f162e4,0.00086688346428353419
ck_9a930faade55b8ea,0.0023214137754283396
ck_fb6e06ca88519dcd,0.0074017002176380523
ck_9776cd8263a9f415,0.0031577413455737696
ck_b3dd1198ac5aea73,0.0051145377890089334
ck_b6675a04df1a4276,0.0082285872142720731
ck_5c7ad6e731b69333,0.32972555787084351
ck_28dc0fdbaec00580,0.11535171287679916
ck_8e7a32f7e3905f4e,0.0082054190717938472
ck_8563fed6674afc77,0.0094749546670308514
ck_9a2fcccb82da663e,0.0040936442602034096
ck_6a519bdac0d94527,0.0013055844589183498
ck_a0dab7aa9c4a39a9,0.0019137287260618768
ck_a3ce05e9e5e32142,0.0056359089064341754
ck_7a7e40ee3f97c035,0.12626769914372266
ck_9e9a830785112a73,0.019412488689749926
ck_ab1bb02f6b189304,0.27228558449094942
ck_7b8cb0f90fbdc8c6,0.003338576498231746
ck_b138fc249e659e60,0.0065281210388104804
ck_e73caa3771ec5e0f,0.0028706320203459677
ck_18a55b06ccccd88b,0.0078621943746621098
ck_fdcb1d9265d8fec1,0.022391027250395448
ck_e21a900556b382ad,0.011553135895335499
ck_c6bf67470f526771,0.0032894839894656615
ck_b568ba3837afb39a,0.00073092737456553379
ck_a2858979dd5645ef,0.0013762067864532062
ck_1da9d40837ebaa57,0.0085103864597662667
ck_9341c7959543c542,0.0010763397820110763
ck_c8ad86806b9a2369,0.12868395900907764
ck_5c85d93ecfed4b0e,0.0064678950951628815
ck_f07b09879d697b82,0.0089330486965501985
ck_fe43da07608b1749,0.0087709980575932898
ck_4bca22b5926b9c28,0.0020424067063854246
ck_aba573aa942b1d41,0.0087116822424589749
ck_57c14e32fa4683bf,0.0024415156735196541
ck_891530b489ce402b,0.0045177233882958481
ck_5e74fdadb93ff293,0.063728210618684139
ck_14436a409ebcc90f,0.0057785512097770757
ck_00013fdfa0bd37dd,0.004351114612251036
ck_7dbe24ba01316775,0.10032409685557497
ck_0e3f80c1553c591b,0.0072478053538309207
ck_3edc45db58760d76,0.0051205614741163244
ck_29076a13f539187a,0.43614633610919917
ck_b1e81b58b9a545ce,0.051488535659588559
ck_3f8571d4f7420b2a,0.010714709746895409
ck_7dff6abe4bd644dd,0.4631307901518113
ck_2884bab237af16b7,0.0043330074656293396
ck_231e6dd1fe708000,0.0045527405079316147
ck_33ecaa7b892e73df,0.0045860720464141634
ck_b109ec4c63503030,0.0077859722448788398
ck_a7f522382509cef1,0.001374304376883808
ck_748b3ea941d8b3b9,0.0069389109325273708
ck_29f3a1737a2d9634,0.0088775179167050172
ck_cee8d42475a0f020,0.0050569082473885755
ck_c6b6ebe145a8ffab,0.003301912226495219
ck_21c99e1d6b881894,0.00083599127363213769
ck_5ad798286384484e,0.0084666305441227323
ck_b621b6ffcc7f4848,0.0019135829307770644
ck_ea819e337233475c,0.12593037551785935
ck_9e3896c2668ce06b,0.028336055770134309
ck_501dcf1ead036d2b,0.0047408898102185128
ck_8d5eda29a2cffa3c,0.0028794182995063788
ck_4d3aa36ff83f1132,0.15341537725155058
ck_8e9faf94e3e6c757,0.0007925624091576494
ck_ce0ec41f96951048,0.014918875194852264
ck_f09165d73ee903b1,0.0042970272366144391
ck_a432b1bf1d3b3d5e,0.22309516573518401
ck_ea618f720ff0b4b0,0.0020407265016917017
ck_7584e7bd755cb28a,0.0055222610166452673
ck_e14681aad43e1a72,0.028301738796135734
ck_5e18870d8e30e379,0.017116597067541209
ck_ff7c26a62bda8089,0.0014516868073635061
ck_cc5a35175d381d5a,0.0032582737829900642
ck_3c25029e40aa8a84,0.0096657467027237657
ck_771247b5bc16c12a,0.0036899814681181824
ck_664b5e02759f985a,0.0023604981928941932
ck_692a9e8f504b9762,0.00060874422308408716
ck_df8ad2deb0a4ffed,0.016479499049524702
ck_eb48c0bcd12ea654,0.0083300691080857078
ck_7c77e597c951cdad,0.005643199094556327
ck_4f75144c6f3b13ad,0.0067211564478336476
ck_1bcff399166d7c43,0.0038104411985488331
ck_975c2aa3d4a8c51a,0.0067198233382704132
ck_bc6f07b06aaa4ce3,0.3619084596205332
ck_80b072b7f3c7e8e5,0.0044256091917675971
ck_471e4018a23b4e56,0.0053249245895673107
ck_53cddfba570b4a3b,0.0068646810411139951
ck_630530e50764f229,0.014929428238645983
ck_dcef7887a4f1e435,0.020867700855057472
ck_2795921a055643f6,0.0041009037304179357
ck_7456df89f3792235,0.0020326732921781949
ck_5014a3b07e1f049f,0.42309567416696064
ck_d4ec44760cbe03f4,0.0078955730746394434
ck_96810ad39d4cb7b0,0.019585862713904223
ck_3222ea25aa29bfa6,0.0010087743493973904
ck_f6c42001b84a10cb,0.0889259174918164
ck_5ac86682385c86b8,0.0049028217740668982
ck_4280c33af57eb4f4,0.00078979496469767723
ck_05f79ddd8eefaa56,0.0062689699916663013
ck_3a57a13ce032a6fe,0.0033849464725571542
ck_a721f0d635fad68a,0.0049625087173188068
ck_a3f821bdf408c326,0.0044120020855203815
ck_0ada63008be5685a,0.0073649414311261815
ck_8c949bdc6e8720fa,0.056803108345927493
ck_c0d2c56f9c722e99,0.9792287904530439
ck_5d2b9e6e087b8dfc,0.99477448600060092
ck_5217b55593a332ca,0.10834581765911842
ck_7a7bb9be5a7e48ad,0.019556285174034422
ck_24cd0d779e866287,0.0016242771891884298
ck_7367917891a63771,0.023123550024830936
ck_4b31a8862a857e6e,0.95996264826940525
ck_81429c4910ca46cd,0.002505285446615197
ck_b35d803568f82d9a,0.020236241232537446
ck_4b00e75c2d2d0522,0.0011874295282687866
ck_77fced07f6dff42b,0.023971980049898835
ck_3c9a06eb07c300e4,0.0021220592030845452
ck_b3867f7f494db64c,0.00090084988997547657
ck_0c45e54897ab34e2,0.018007338661288817
ck_507a6a580ab55c76,0.013833653299039879
ck_291bffc7809f896a,0.0025569797514965859
ck_3753cc5b9d02e2fd,0.0042854370828750848
ck_4f63d5245b3ac1dd,0.019014769291705855
ck_9dfb2ae78659240a,0.018426500204615923
ck_90f6f5ced708aa75,0.00068707428286027977
ck_8b5b5a6b5539e39b,0.92973091409574371
ck_4719112b55d20161,0.017088298605234739
ck_fec888a7108ca52d,0.98659097238344029
ck_4f5d022c99f118b7,0.013769532284748514
ck_e967ff05514b697b,0.023574705975391602
ck_839ce35819bfa4fc,0.0022394459334520215
ck_bdee1221b9addff8,0.0039899650122967945
ck_9cde4036d0914427,0.0063802487033285992
ck_5ac959cbcc5e98f3,0.0011253893138355349
ck_619842688294dabc,0.0042256414581305851
ck_7373d7b04c7799bd,0.012207981508502951
ck_c1dd3feb9a0b6471,0.0058398953868151375
ck_0324a4812ec319c6,0.011743304794318486
ck_7f3685aa2933b251,0.035131796465845314
ck_06aee5a62a67a84c,0.086691201134753287
ck_3428910b44b9d08f,0.038081555052543827
ck_c3ba7534cefc1de8,0.0047712470740531501
ck_1f1273a67cbad5e5,0.48304355917620356
ck_124565a11b2f8bb8,0.0054869687523173777
ck_38e46bc861e0165b,0.011335721586197535
ck_c8ad3f01319c065e,0.082044907695123737
ck_3f94a34f5038f7c1,0.92151148068686362
ck_cee56be5a502fbd1,0.12609832219250375
ck_2b90b76cf4d162f9,0.01706790966434385
ck_884b2e463ff1d54f,0.0021799202405564625
ck_fab4f2f8531b4827,0.019876558674097385
ck_4fc6256e0e60a926,0.00537089829719886
ck_0a2f8b2f8a5b6f02,0.0022170443202324504
ck_9c0deab8a8367c5e,0.00087111695673927668
ck_d3a2a4c011fa2554,0.014448490088674527
ck_4108b4038f762817,0.60183269637922265
ck_4df036e2aa7e1056,0.010506466835109541
ck_ec094eb1cbb3efc5,0.0023510571008130226
ck_09f8f51bfd2492c6,0.0052012336398299802
ck_b60fb9a10d6f4489,0.0087013597581383113
ck_3638bc3388dbc1bc,0.16974587908346994
ck_7a58e0cc9943c39a,0.006437430991104845
ck_37dab6a0a536ed49,0.028013215076135009
ck_adc576690df5b33b,0.0082139794054738417
ck_1383b2b1875000f2,0.0096055681936404146
ck_43c1248db37a2eb0,0.0024621224457652088
ck_29c11bd68858e923,0.00061642519773437974
ck_9401f9e11f65337d,0.0050660669714586836
ck_ce5ed372b1a2ed6b,0.044222236293768626
ck_08b4619490e751a8,0.93789840036232552
ck_44b9125526acb05d,0.006737436827799325
ck_ef1a1de20d2124cb,0.010254090636022842
ck_e5e2624b7fc89774,0.02173760503587046
ck_f5100511609b92c0,0.0011534329396031273
ck_64f3bb17101b7c42,0.0048924261564020797
ck_ea1e5b5128ecba2c,0.003114424120930567
ck_516163fcf04d5e77,0.009908287410528089
ck_7f9a748110d70005,0.002580536164768635
ck_d263b55f0a681cce,0.032934997824482656
ck_0e962eacf98a813e,0.0025108994590750363
ck_0406931800e0e2e6,0.0028833240287614408
ck_0e9b982afc88a3a9,0.98596270279726073
ck_8bbb625384edebd7,0.0031695396691720718
ck_5eaeb87bf6207406,0.94646964655945864
ck_cc3318839c4b0745,0.0036981846919464743
ck_08a0355d1f1890ef,0.0078496449003168586
ck_af7ffd1a822460d3,0.28742392406395678
ck_2a09c7aa870edb6b,0.002849541024189473
ck_bc04f51c23290bcc,0.0058946970756742281
ck_d3a8333cb389f4c6,0.0030942597278709435
ck_88e3dd3039508332,0.014904803763225437
ck_b8c7771de9b57705,0.0050041147227191385
ck_585ababa02383b50,0.003325709504841191
ck_e988c108754cee9c,0.016627976013439284
ck_4a691892d9d6cf89,0.004506330651064424
ck_7cdce37d895eefb8,0.0098803118675364465
ck_483fb981a1fb4317,0.0024392814533014005
ck_c1e5182bd99e0e35,0.076711890487960302
ck_9a1e3ec9a1839939,0.0059531809455833935
ck_5c3f13de0dbd5086,0.004692288781076203
ck_f4f6f0caaab70040,0.0019803128082059715
ck_791be3378dd7d64c,0.0083313031302073431
ck_956dd784525f5886,0.016324545815834989
ck_098167eaf124c279,0.016661554669111706
ck_33ecff7914349ebc,0.016094287025393998
ck_e05d44e46c7174e6,0.0048040779989135625
ck_1b2ce474fa6582b4,0.024400032832151187
ck_ab581082e8f72e3d,0.0046674009249378767
ck_e63256667aa19070,0.015853202538420305
ck_f568772b6cb3febe,0.016421102302281831
ck_dd89a282375bbab6,0.03895690778275656
ck_a39d0bca345b492d,0.0040374790749961829
ck_d12d2924d0f7a64a,0.0096454819993045081
ck_6a548da1728b5823,0.98882724699315916
ck_6d64193681d2a94f,0.026722244412159531
ck_ced6b6dcdc7c201a,0.0037211389900252741
ck_d1b0699d26282871,0.02270291688570408
ck_58f757e40a9b8877,0.030062493824109228
ck_3272c2c4a37d5220,0.76319298387039991
ck_d94dfde9e03c9d1a,0.01090050184729148
ck_08a6d4903a7fbaca,0.0050896089550761343
ck_6c72a36b05fa0f4c,0.0092129213662002166
ck_dbb4bd4eda97255d,0.0041383367206603728
ck_94b59bbc824b307a,0.0046989490627172698
ck_0229a07185f15469,0.0072910414939875287
ck_11bf1039f8b3025b,0.0025166138304613624
ck_36789ca11459131e,0.040277915901843001
ck_8572c5f5c1447c62,0.018341652069729448
ck_9e75c6641939f4fc,0.012182117909256003
ck_b45e47c39d4dc7bf,0.018969553901389588
ck_02903c48b6cfd65d,0.0029469013365377565
ck_b153386f1729de81,0.0051487890715951837
ck_36979996f33498f7,0.59149908207310253
ck_3c02d4dbbf6716b6,0.009140689296704245
ck_66c9a19963957531,0.033606901482987075
ck_bae8dae7cfd8baba,0.0013519635510676684
ck_bba0ccc6cd968680,0.027370560702359752
ck_3267fe3aac05c71e,0.009051015601367559
ck_40052cac10562cde,0.012806854395077536
ck_d973444855403e2a,0.0035155147140982297
ck_012519bb095ad36b,0.99366696716068847
ck_ad7c256ea10c4a00,0.075934410703450472
ck_70a60e095e9b706f,0.0031976332524879785
ck_f2734417c0db4ee3,0.0012960845878701253
ck_9cb89cc3178e0172,0.024467727609305469
ck_779cc0f2de4d5488,0.044522997504859718
ck_35f8656bf93e3b3d,0.0087065463756522948
ck_bdd8eba728800e29,0.020543231134248045
ck_002cf760d173f0f8,0.0074592245380389523
ck_b046067c6ca3831e,0.0033085506214957597
ck_a4a42d4bff8af645,0.0013496773558662356
ck_bce253d2396681a1,0.011289879616512117
ck_00dafc060c8de32a,0.014618831578855702
ck_968a99e097ee78c9,0.044412825245327692
ck_66949171b387bb93,0.036165888309890593
ck_ad305286702b1958,0.0011494566378398279
ck_4732da7e0d2dfc7c,0.0033631983510083335
ck_17a95bba77217d85,0.033596410497185668
ck_3e2516a3e35067e0,0.0062126138591636661
ck_0b615ed566da1f58,0.010711871854898605
ck_d2b3ce1ebabe9f93,0.024604407030767043
ck_a892252e4e0c2828,0.0043223590188078455
ck_cf606fd6ebfdf9bc,0.0023459355705783827
ck_718865237134ebe8,0.00099788514649865349
ck_878522cb775b904c,0.017523642892026792
ck_9ed53de6ef779ae0,0.001235160629608575
ck_3f16e2cd7e6874cc,0.0063485525346762637
ck_3c59df37895ead2d,0.0069765398052643555
ck_6821459b626d492c,0.0016791244345837027
ck_11c7667920541587,0.0035627332514826422
ck_23a016cf6b98d89c,0.043837800481720895
ck_7137eeb394d200f1,0.023240958119066034
ck_9c4886c5c90ddbdc,0.0024309920243180761
ck_1422a7bf7756294d,0.97906945362727082
ck_7ebc5fa7f0d3b8f2,0.0080798276528877555
ck_fcc2059a8d5c41fa,0.055437551293708177
ck_00ff7389d6a83e29,0.016294706285372197
ck_03129b41457795d2,0.0068470980086109672
ck_38ba64efa7c38250,0.031181362477166161
ck_57a6b56b09bff24e,0.0036550103367850029
ck_e3b3c5a80a567418,0.0015828156260491604
ck_fc40a16adfced018,0.0035598698814694419
ck_9d4b5e6b43bad4d8,0.0066247300396043481
ck_61129937ee466b49,0.0086175024978303819
ck_74112e47b8629c2a,0.064014760659102471
ck_b4703ee97f94d7fb,0.0030888861038413022
ck_e560f720a988d8a2,0.90986530865282522
ck_708fea345f68037e,0.0012036294027699759
ck_25394c1b83e0b803,0.043455230622770749
ck_17ab24fe914ae44b,0.0011595316594100724
ck_16c501470d9bb006,0.0059792498874674206
ck_628f449e248c19b7,0.022960379822837895
ck_6d64190623dea714,0.0051721378071644519
ck_504a45ee08db72b6,0.0031759333730472876
ck_6cbb011e0c70bc7c,0.0028354754330285358
ck_b3225a98acd04f83,0.0024870924234085476
ck_aa37993f1c17cd1e,0.024787655123719221
ck_558cfe5f77a55a9d,0.0051128061914710015
ck_0d0a1a021efea5b6,0.016169787559613444
ck_daf7aea023b7a8f6,0.042637742751192462
ck_d75f25184ece2b51,0.0084819246759844178
ck_466d4b5366c50b98,0.0012102698513478721
ck_88f27ab479063852,0.016265957514603805
ck_66779098e78c1760,0.0010513162044010302
ck_b150fe4efb449b05,0.0012315524239482729
ck_9c3aa9f23d01fa1c,0.0010660927084024424
ck_6a01c375fc26705a,0.0008750614830660764
ck_002eb6552b504ea1,0.0041474380026367405
ck_affa5aa0bff9bb0c,0.015034060569313548
ck_027614eeba8b1a4b,0.0058970325938540388
ck_67e075c982add719,0.0046244849239357498
ck_399b0d510be98bd2,0.010949984307598597
ck_e9b0bca7368555ef,0.0051157471711599858
ck_59c29d9c57b4f994,0.028161588106029516
ck_37176850ed68831e,0.0019142213803843627
ck_a0db4ccca08030c3,0.91345019015660323
ck_aa188e5c25f7f42a,0.015005626554965448
ck_7de6997178207800,0.001365251324239898
ck_c729d19053387be9,0.020513585499001404
ck_f2d3e3d90608596d,0.21508354980197997
ck_2db3fb565e0211ee,0.0017109233904411773
ck_bed8a480e27e911e,0.014445276019574786
ck_d7ad9921a4d25926,0.008597261360907632
ck_2a59f23fc5194699,0.030787890424175478
ck_63601a58a6120d8a,0.019587645458595301
ck_efd7b9e22c6317d6,0.014666909883612063
ck_9ab42875a0f95b43,0.013648540226079166
ck_85cb5033fca7c846,0.028351136581817135
ck_5249b223000915ec,0.03170431884293963
ck_3efb0e9bf25612c7,0.0018813893265180691
ck_678e74532ac19700,0.010826207000267934
ck_a980b296c95153f9,0.015847739490078266
ck_01ac687ce0d696a7,0.020668531931878262
ck_52e1418cf1aa9871,0.0059566131404661937
ck_7d28da4f1dab09ee,0.03244873143322731
ck_010d0c2e6c1657fd,0.039464220271725116
ck_b524f7a2e752b9d0,0.0069366335648010941
ck_cc447fcc24a0772b,0.54724160932576371
ck_2cb3c99845e572da,0.0032322526524385725
ck_604c710141327a81,0.0033697555486248854
ck_8d5fa65717d2e0c6,0.0097394734899356565
ck_31199510b40602a1,0.0052255003070172876
ck_49e253ea12f4e922,0.025273903663674532
ck_780738e0d71e7e43,0.0018392544864147358
ck_2cd21137a07fdd7d,0.0038620627570439734
ck_5e021f2a3b66e256,0.020898970332684355
ck_efbc79246e32c66a,0.010533420182951128
ck_9951bd806c13c7fd,0.027244107131557945
ck_7a52674e2806d8f5,0.019893628419977029
ck_1a319e509f1efa1a,0.0010606238199766596
ck_c920901b9a4ba993,0.84946373502362493
ck_b71279e807d0b3a7,0.0072746386856302123
ck_47e1032f490bb018,0.0028735045405110728
ck_192579ecdca7ff83,0.006719001361517451
ck_b1496c474c4a3239,0.0010238646324123553
ck_5e68ea2c5e893cf0,0.019096248866058017
ck_f2ecab85d4693b4e,0.033810770772958638
ck_89d7bfc81c3df597,0.014097231304678964
ck_7929284327667791,0.10848918922829524
ck_494ec63c5ce8e150,0.010686988555305678
ck_319b059bb2145586,0.047571152960378081
ck_ccb3767c239018c1,0.0026312463726984106
ck_a1c7adfe26e09a8c,0.0048946756256306985
ck_0e13c4f73818149b,0.010755195467393064
ck_c285a51ed6214f52,0.011545796542953278
ck_916784595f028226,0.046662614026412433
ck_6cd8e0196365c474,0.0075505575261144969
ck_57b657aba4daffde,0.075916059261082969
ck_562c76a3753fc7da,0.6964905409766039
ck_66cfc1ebc9a513c8,0.0020695301715153171
ck_0f38d4aed68d7d24,0.0088291914119243819
ck_d8ddf5e99f7859e4,0.011651108023596901
ck_41bc3efa0fca700e,0.019884343143914164
ck_40799e129fcf42c5,0.068510429247836818
ck_786f079389126e44,0.013599859540654853
ck_bb4c6b713eb0b978,0.031199272247228266
ck_4f01f7eac0efaba5,0.0035890075593014567
ck_47d29c01b20cf69f,0.0058751153020196265
ck_bf15a1f8d67a30d3,0.004554412956612108
ck_bfecad7586f65e4d,0.0098699591005395708
ck_fc9f16df35190eb4,0.29610260848064801
ck_c09c914e416edd08,0.0097632948340759008
ck_c54c5d8e4433b0f2,0.0022328003047706428
ck_1694c28f44480e98,0.0025110842451748355
ck_1dcaa3078dbb7571,0.00068142663543936883
ck_af559f990c640e41,0.0044592471504672059
ck_9b436162039a77d0,0.018776795547002009
ck_79d62ef181bd0cd8,0.0057560768553289714
ck_23caafc2cd34242c,0.0045112977665215156
ck_ffe2aa26f597e552,0.0048494078046817319
ck_e6ffd0754ac08661,0.00092556553197262941
ck_beaacb4a783db21f,0.0024278007074973558
ck_9863bff41d24ce9b,0.0032892741411372278
ck_323b9cc5c49f8ea0,0.708226240250872
ck_ab3de3d3e41c2082,0.0015430830092915473
ck_35c93b2924900376,0.0017176928939689193
ck_5a9d5f9901e37e31,0.0063855607353090899
ck_782b0be796164335,0.003229750701296899
ck_11960b5f1c7a5e2c,0.0016412093159082698
ck_9a66cb13a9884cc2,0.0059294924353268073
ck_ba666a425930615a,0.00069648244500780058
ck_40140bef4db73741,0.016792781003758857
ck_e05e91cc180063d4,0.071661013850655098
ck_c7f6f45710bc050f,0.0030494419183727207
ck_055fb9f2e1c8c934,0.035201540778427097
ck_58bb02d98e2b9cd5,0.012455674124270674
ck_d9f8efa6a7800f76,0.0042748283672250937
ck_69691226c68fd50b,0.1746877499745409
ck_6f2f0396e5b1c538,0.97089580653258478
ck_78bc3f1d0f35ea6c,0.0047966021414009592
ck_2d5a6b6636a2596b,0.002954971069983988
ck_7878545739af0a73,0.0017592661829168091
ck_03c4fa4f3ed3512e,0.0019602797860292223
ck_1a9e51d092d62c84,0.22756543004652674
ck_9f3861940d8d873c,0.004964424164079894
ck_4684fdd61c6a0fac,0.00945919635826626
ck_715966f86d5c913d,0.0020538594618223363
ck_77f293d44b4a3d2e,0.020487437689803777
ck_24dae044dc05f849,0.017843653604234264
ck_00b9818e2064405e,0.044372743309256217
ck_c1c2cb49c3c1b0f5,0.10548481344711033
ck_bed50fc64fbbf8ec,0.005817635392175652
ck_4f6ed5ea5ab7c429,0.010866872692293176
ck_458531c22ec2f9b3,0.0047538754443622443
ck_51c50c4c443df31a,0.37879429432578093
ck_732d45bd578dc39d,0.0089410659095475672
ck_783fe5bc20cd02db,0.036611224734873313
ck_7f188aaa63d1d442,0.0021363337065956126
ck_ef307a6aee38d1fe,0.55540807799574865
ck_e37196b20968b73c,0.023795027713928354
ck_4ef9de711c3d93b1,0.015272285746220103
ck_17946516d5df71d7,0.0082716218405289449
ck_3534be0f4efd313c,0.041005181600822435
ck_29fbabf855cabdff,0.001583839640925639
ck_191673540d8486af,0.0094425458978183961
ck_5f52728d777ff2c5,0.0070128185582595259
ck_a045a19369016818,0.99526900989533684
ck_4eadbe7298b15e96,0.010334789414705383
ck_a3a0bd59729fe619,0.0045201009742246263
ck_a1e77090b1c6ccf4,0.0027758649485289466
ck_69ab9d4784eb77bd,0.017711916661481759
ck_baa47383ffd50f04,0.0040049345032715147
ck_e35b2ed08b9e55a7,0.0062510282465989761
ck_b6e3af0a5119d9a0,0.016184704838338851
ck_a7c1dabf3869772f,0.052871825151642612
ck_80b8fca67a14e0be,0.43219834567795967
ck_dd9c5f0c42878e67,0.0019860890166614772
ck_41ef7967faf5ce82,0.000995334877368709
ck_a93560aa348d6225,0.030162700215682486
ck_ffe91d6f0bd93fc6,0.037234125636842523
ck_fbf630c960194033,0.0042775365478143167
ck_497ed60723283c0b,0.013039139679598518
ck_2a46b7ca55239413,0.0021192768055777658
ck_1a4e5ace078dd782,0.010327562849022439
ck_616cc31910f5de50,0.004352945543526515
ck_0d65bc749eb42710,0.015539907285979412
ck_2408db62e4395ccd,0.0052538998925899284
ck_5d7721930106dce8,0.0087642927073536062
ck_e8a6acea22b20312,0.37466211389831167
ck_e2f792fae128b18e,0.03256003653107617
ck_e6d3ce445b86003f,0.0019673754436574185
ck_263334d722ecbc97,0.62091208771761019
ck_8c5b29f6666d4874,0.030976693050123447
ck_7ea0bf310fc20c7b,0.92534919329635801
ck_54d463f7fd89ec3d,0.03847156131573512
ck_79e45040dbdd6447,0.01857373248015954
ck_60b4d59953505682,0.72020304422025461
ck_fb00dd5021642507,0.010385180771999104
ck_f409ff994a210601,0.045717141570728044
ck_2ca0020038bfec58,0.30465639996190019
ck_adf84b9df54c3d80,0.022391119045400226
ck_942dbf632591b65d,0.011941479487489436
ck_454a7e4d859a3409,0.0025117127198234449
ck_2139062d4569aa07,0.0024807172101628926
ck_e949a0f4df0b3902,0.076474646436177227
ck_bb113e3e6716ed65,0.011443535258322103
ck_6a28ea6ce69cb869,0.1412643040320293
ck_7df9910af2bba21b,0.0038370675203526217
ck_78aa4b731cbfe251,0.0025013660596267368
ck_5839f5cbd8165b1e,0.014487509911158049
ck_7158ad9e58769ffa,0.055757282037629571
ck_acee218cbe61df69,0.011927844679250611
ck_f8dc8473c2772729,0.071068665542990114
ck_f34c93a8173555b1,0.013876284357035008
ck_7cf301d075e4e709,0.0063699502332507599
ck_b87e88ee5512ea17,0.0030429334119904329
ck_bed0c020b10afa3b,0.016718913464123769
ck_ca10102961f99eb4,0.0031620587201357515
ck_393287947b5c8d79,0.015765072844884084
ck_2fe6cac002142f67,0.024422442339775637
ck_79c7f0d29b1db1cd,0.023814368538373563
ck_c735b643d3cbf67b,0.0069707653171972835
ck_ea4332c8fe48e2a3,0.0042480104559723241
ck_d39864119cdd460f,0.00351346238577286
ck_3b963d6be2773861,0.0030739671156773691
ck_df39e3b8a9fd0bfd,0.68563637728641602
ck_6236a461dc0d11a3,0.0010158072698761983
ck_475ebccca25e30d1,0.01723078948151862
ck_c10c8bcf5bcd516e,0.039337638028052742
ck_49ccc3716a564256,0.0075092088332497052
ck_4e4f99102f6938cf,0.0025198211274571488
ck_a97b481ade6f7972,0.017649106634111601
ck_3fa559c679751b3a,0.012639553550218952
ck_3eba1fd2c7acc4c0,0.36811074994248855
ck_18c179b4afc4fccc,0.0057764056813993225
ck_cc1c0b93d05b7d20,0.1590268366009433
ck_742f7c28ddd019e8,0.023241441304452215
ck_04470bc93b8a0d71,0.0079400972530804196
ck_6e8f8ef7a03cc6bf,0.026309507835249157
ck_eb1ddfc353b4da83,0.0029579952873182696
ck_98831b57c7ca2e4f,0.00062467450217849191
ck_a6c7b8d6e8596d4f,0.025054136657935551
ck_cd7d24e3b095e96e,0.023808133796719991
ck_3f5ae4673a9f858e,0.0050960897685733706
ck_05f375fc8ae0afb0,0.010749785105374041
ck_1fc98436281ee39e,0.00097946183365255502
ck_6c48c58678f64bae,0.00094425018305934307
ck_8c95aeec6a4c75b0,0.0030440486081671453
ck_364cde38958b7af3,0.25485527336376051
ck_85bf21aa1a00452f,0.0040342660104317396
ck_796d3eaabc667c23,0.99198607205297384
ck_ac449ee0c315edde,0.0020094017591720053
ck_6f9fd15ac6b163de,0.001617396771213291
ck_4087065be2a45ad7,0.16154251164105082
ck_ecf006bbc78ee3eb,0.18996063901316193
ck_8ca808cc5a49cb5c,0.01294100230405322
ck_94b90ab8b2dfb50f,0.010684368924537009
ck_59fd11b3232de9dc,0.89488511351698186
ck_67f3794d93e2dd67,0.063074085546946046
ck_b7f5acf5df1bb13e,0.0098061091366724966
ck_fb04ecbaebb774bd,0.0072250517515448877
ck_68ef3e7301c621b7,0.0066376794759751495
ck_41406cfa209b6bda,0.0015174137796885325
ck_b0f8f5408662337b,0.0051193766734225002
ck_0d2901bfe585c391,0.19355906119980107
ck_3398551e81dbf3db,0.032218548710784362
ck_61c3e3e277629646,0.0092345220235478011
ck_2825e34dd3e7ea2a,0.0025186514028179121
ck_20d7571ba830009d,0.0026053766658169467
ck_c98b16f9a72a6568,0.0014453327099832997
ck_e7c8a9e4641eb9ed,0.00099517265483914114
ck_254a7c97c36dab8d,0.016085372494932124
ck_e98429675b46272b,0.0027184407138880953
ck_c2fc0ac460786d02,0.032595519878941638
ck_fba15647b3a140d9,0.0091965810554162312
ck_15ce50f2704227be,0.020435562686895621
ck_8c748aaa4a4554f9,0.017979462245269532
ck_e00e82a9419ff086,0.0059281250255742166
ck_832341c98254bd84,0.009096669110836399
ck_27466468d06db4eb,0.036290488921784769
ck_9d7b9e3ff1f3e71e,0.0037599204124455546
ck_42c6973d3a6fe983,0.0010014198120717039
ck_877c85bad118bc62,0.018603250649809826
ck_75d2a2715259c4d7,0.057887532275295223
ck_37d3e5c681a2214d,0.56077651447184462
ck_bf285dd49f372de4,0.0086173474823432912
ck_a5bdd026fa9c50fd,0.0061124294287427591
ck_88d9244a9cf7a77e,0.44568393385460053
ck_5881b174e49b04ee,0.0015266651465253192
ck_5b16d67c5ea89930,0.016685342140872694
ck_b75b936aafac56b9,0.0027455949437786777
ck_aed2681e1646a0df,0.080215951765022928
ck_f63cb5e8cc702bad,0.0069155207304668256
ck_1805fcfc4a9e4ffa,0.89086592197915948
ck_25c355da356c730d,0.008453675783283314
ck_70396398e4a96449,0.0025018726855098633
ck_0f743bd13373748e,0.014219332255698956
ck_4b387765f0e916cd,0.0041329262087011339
ck_e971faae8a10a260,0.001935834271561159
ck_9eb08369e983abfa,0.0017740289932358471
ck_c30c5844512e429f,0.031428121283274234
ck_59e77e3a81f1fa0d,0.0037040934737554024
ck_ca4465f2b5c1a52e,0.99212327011162693
ck_c89b9ca398402f1e,0.0012816592325527181
ck_36e72ef9273e7a95,0.0032202414010211052
ck_2bdd8616870e5e1c,0.001070772761996652
ck_216e87a41de22b5d,0.022994821851869081
ck_60f4fb44f5efe3a0,0.0026404214543954926
ck_05652e8ace6ce6cb,0.0022092023905449028
ck_8c136dc691e65695,0.0006215802393641877
ck_a08f8dfadbdca112,0.0053808058511600476
ck_bda4041a3e90d860,0.0083429891074154727
ck_15dd3ecaa8ce0245,0.73382073385150515
ck_3e3c64b3b7876ce6,0.013884173492845903
ck_46225858a38b2e57,0.0051685133754085476
ck_0cb9f54928f4feee,0.015451147395668691
ck_152671fbf8a9a78e,0.063668613725498868
ck_ee7a515e87d17d4e,0.0039925014529005667
ck_f7276091bf513d22,0.0014997065630377874
ck_4f05daf1cf0d5755,0.0019009757689771409
ck_83a69c4a5d55ef19,0.016390110999563331
ck_c50fed2a7c9198c0,0.0060171411291812856
ck_70d19d5650ddc8f5,0.0060246232739833141
ck_4b4d99e443618904,0.012410796958982253
ck_dca0b6ca93311ca2,0.030310273181587542
ck_b7431d4706461ec6,0.0043107301688560095
ck_7b59d22cadef3b05,0.1507046802700438
ck_53428573abcd606f,0.030956892030321759
ck_f538ab6aecf2adfd,0.002252461478812107
ck_d321249fb065d2fa,0.03379238152069753
ck_72fdfc7e6d8e1436,0.0010810103590089414
ck_b52b99dad89ecdfb,0.013861520075921667
ck_d2d4282f9d256b3e,0.0033651015538772684
ck_c8f2a1dd8a6141a4,0.0021336624350996969
ck_8d38747058d0aeea,0.6651177889043367
ck_3ac528caac74f563,0.0066004595644932138
ck_8dbaaa00ad829ca9,0.028894631887738508
ck_7c38ec898f0fc21d,0.0026325951113694989
ck_8171ef803f5ff604,0.010325002464381457
ck_01a750db6fc1168a,0.12437789045418393
ck_ceb017baa26e98c8,0.022463834233737719
ck_e2c66c72cc0b0f78,0.018927621642789876
ck_8d9518f64b222416,0.0052294673549531934
ck_804c5a1fa5753617,0.0020219427468733684
ck_fca7cc9c42695453,0.001094827644133492
ck_3a632cdf2c19051b,0.009406570442054802
ck_b2b63ea65edf1dde,0.025178715166441545
ck_27b07021500ee841,0.0085349494523612179
ck_9724718fe64c6557,0.96651830749198764
ck_2786cbc3e75ec034,0.0873596632065166
ck_d9c2622cb6df380b,0.0095672646401751722
ck_ae1da8ee98e402a4,0.0090738666111248728
ck_62967b91504149f9,0.0042693538165099699
ck_6b255bf68709109a,0.0022342156044311795
ck_c55afc68421d85e2,0.0041675018754261739
ck_7c7266f6ef2a8466,0.021079129497899758
ck_885cf685a9541190,0.93067194640181961
ck_1a4bb7d3d2ee3227,0.006107370795616511
ck_b4911c42f3bff740,0.0011320842218998071
ck_66f9f78d4c6a3edb,0.014362527790444685
ck_49bdba9ee1899dfe,0.0062229202639642531
ck_79b235d51718435d,0.015466950480748542
ck_d840db8cfe2ef6f1,0.0015580308834972606
ck_610c7bcc1cd7ecb0,0.0094549933332356822
ck_cf49b6544aff6c50,0.29675479345774303
ck_de05f97c3d40dd1b,0.02268784962773198
ck_0302f67d75973dce,0.008487022163920506
ck_54c2604c9ca6256b,0.011561197933642088
ck_a1c88c0568f142d0,0.09333253655074028
ck_5d72ff6cc2963d1a,0.0028079175593753126
ck_0446920a1004c596,0.0016755712960730318
ck_71044c29ef071570,0.0053369200644879152
ck_2122e9bb1afffef7,0.0039179215363221529
ck_d1e3de178601d3c2,0.010089921625576944
ck_bec8324a3587ef04,0.00057137644238845309
ck_b616b6f45225f319,0.042417177821232971
ck_ce1e695884511479,0.026981151208933185
ck_a662b4bf900781e4,0.0010256002589511207
ck_b5a84c5547378c10,0.0012863719719943584
ck_f80af368cfc6cb7e,0.005662235008617485
ck_da3526ab6c5c884a,0.013649655726785313
ck_bd20be9a3392d79b,0.0025682208630921424
ck_b8266dcd90cbfa62,0.00231901894211845
ck_ac84b33304362c06,0.0074287743548782162
ck_794d8935a895e33f,0.02671158255410902
ck_8fea7d915259f1be,0.0017992579513010287
ck_7a1519ad5ff45312,0.0010394461457929232
ck_9bf3ce30b65f75c7,0.028406112062083072
ck_5f864d72d1eead99,0.06845044197612217
ck_3c48e0cfc2a58041,0.35091036314777713
ck_d902183f80cc81fa,0.0053402137709994239
ck_539cb0d117db8cd3,0.18003906584092513
ck_28f530aec8e77130,0.023679986248971958
ck_e7d903c50d353361,0.16443560448071504
ck_d288b77d1e227970,0.024705575780851037
ck_017208fcc01b5d40,0.0034273761529848537
ck_7e3923d278a5106e,0.011870132084743032
ck_9700a00ff9e66216,0.019903125890685561
ck_5c36c78b7a4d138c,0.0163947858898284
ck_c457e9c9224b773d,0.0097763318714645664
ck_1dfa91405d7e66bc,0.0035924423379353572
ck_f1d8a2695a575e56,0.0033620147654856115
ck_3b92a46daf8d00d2,0.0067860953074239047
ck_aab23b5470469649,0.0039011708120903757
ck_ecdd01a391610d99,0.0023247874213262448
ck_abd3aa292f8edb4d,0.023913055908866984
ck_7fc9a0776e1339e3,0.0011982717565502204
ck_c0389ebeb0e65cb8,0.0013808347911754596
ck_48d0fc4f6a2109fa,0.98803280045966113
ck_571dee4f3336c7ce,0.013932411320897162
ck_4cedf26628c84f26,0.039087861603227692
ck_63356762d24aab81,0.008384149620265775
ck_2c5bc11bb7ae5d2c,0.94391554424423618
ck_6d26a152f900fee8,0.0051364325922770527
ck_c972b0e781efed3b,0.0025601188782293518
ck_fa0ecbcf9a33d6ce,0.0018640136503127577
ck_fa3a766e49dc77ae,0.002773480952911253
ck_7baf1e55db0dc558,0.0081448078030467719
ck_e8bc49e6494c1f37,0.00090342514362906439
ck_8ef1d05cc1e53e7e,0.052060794130971685
ck_cef2a485a77e0723,0.0021997850536687141
ck_228a583f23abff48,0.0053402725833416546
ck_ac32c6e374782b27,0.046824427826222328
ck_b9485218cef413f0,0.0029525055639197497
ck_7f15503048915d6f,0.0013925789752374578
ck_b62f5144db15ad34,0.073983161047128612
ck_917d82c552f95a23,0.020292231670675336
ck_fb4797045077bc6d,0.001181555453760554
ck_2cf8a44e041217de,0.015528756595985222
ck_b7dd681eb3d2ee38,0.0014481071913730044
ck_e9e8cacd2fa35e79,0.010523471538899924
ck_342a79f91de5d1fa,0.018372342240757851
ck_2c91f62c05685ed7,0.0049615986781571461
ck_e30cb64302939f38,0.011174337545240103
ck_d0e95b90ba86da10,0.0054777156851080555
ck_1774faf414a5d49d,0.89632363739162391
ck_2401e8ff89e574fd,0.81332081963846781
ck_0cd8802264e0a1ef,0.014230158732183735
ck_da84a0dfe947fd3c,0.0022046138955814079
ck_c8affb27ba7fb5db,0.022969032389732802
ck_bc7ece8787ca7200,0.0030819955734056161
ck_469a0578d05990c2,0.0025094642990405782
ck_eef67f8dea702338,0.011363183838432189
ck_4f490e379e9ded9a,0.0011896503234049233
ck_354379de065a8ff8,0.0031188498464289425
ck_5db1cb368bc41ac3,0.031386718064002526
ck_9b1c3742dd6fcb8b,0.0048717520819213109
ck_63ce4f44c92d7143,0.038015295640251329
ck_e15e3390f5ed45f3,0.0049257945340264063
ck_da645ea91d66aa6f,0.50079574495737811
ck_834ca727df855f07,0.086568085585923243
ck_e1d5ad20c737c745,0.02658148043935317
ck_ff8059ae5fa5f1ee,0.00083440857155098343
ck_8bb9e75393954a1f,0.001246899339286616
ck_4e1757d1347ab387,0.99048386189777471
ck_af3f74b1d75a5d95,0.0081941798797984626
ck_6b1ab0742ff04c3e,0.019994400767980831
ck_f56073911c9f1ab7,0.0015554564043999642
ck_51bd5f69b4fe0b92,0.68846938945090308
ck_fc3d95030b81f416,0.00060014726334050065
ck_cf78169633a1600f,0.0024016592972621398
ck_ad7269eaa65c67f9,0.011210863969106786
ck_cc6d33890d47a6cf,0.015027210225002941
ck_bc8f31f4a2ffa1ae,0.0022954420476637124
ck_720776a46e56dfa8,0.0082636580540926367
ck_e2d1f212f259539b,0.0055071051866608274
ck_eaf6f7082c3db2bf,0.02966362177080795
ck_773efe58c6278c3c,0.022294123047615372
ck_c4a72c09f2fdacc4,0.0050459811402747343
ck_8982888dd6611143,0.0065981566286063336
ck_9d5049e195eda029,0.0050839164429601564
ck_de58ef6f9fe2b546,0.0044371682994859395
ck_c0b50c11e4f5adf7,0.065974394060599698
ck_ddaf228487858bb8,0.032823061620010183
ck_eb2323215ff70362,0.024416546282038525
ck_168c96a1a636ea15,0.0087968288565360118
ck_9c46711b14d9eebc,0.0024756570087142082
ck_de8af660806b97b5,0.0017354314221849768
ck_6ab83f45bf16eaa6,0.0016585093636582028
ck_bf2228a052815840,0.0034268420155125121
ck_3f943f20a9da9bff,0.0061806487184571327
ck_3baae40454c00938,0.012188309700747173
ck_bc2e771a1d8d2dee,0.044848690396629975
ck_e55f5ca37f30ce8c,0.0060993863647740339
ck_4ad5937bef176d89,0.0017597798171805261
ck_126531a9126c17c4,0.00099805340562810103
ck_7ec423cb56257516,0.0049000975294302192
ck_54748ae0f2daaf10,0.014804016409282795
ck_ff24776280ceeeed,0.004732078519419731
ck_3c3a1a1365741bba,0.0030720483018437492
ck_615277c8a4e2b18b,0.0037487099889216566
ck_a96aaef34173aee6,0.068586288806143481
ck_bea56db7f3e930e8,0.0020488545422654727
ck_ca491debd3b32a59,0.020610726380497945
ck_d9ea77f4114a389c,0.0021157317904064768
ck_322ffda3332d08a2,0.031754656743939548
ck_c40ffefe4e30b001,0.065644203144047272
ck_3b1d7648d4580bef,0.0028091781599128823
ck_23981a3261674131,0.0093797407151069434
ck_11667f5b9fac7bc7,0.0010717611429981796
ck_646bb3c7be5f0817,0.0084228298727407856
ck_ebd0a45712dcf07a,0.029888842437047567
ck_baf43bf1bd963f9f,0.0081604583918274999
ck_e0ca2c819658f6b6,0.98769772927326649
ck_f0d6633d0834fff5,0.024474699264909965
ck_91081be0254878a5,0.0042614381579908159
ck_1325000bc7f35b5e,0.00064156691404949645
ck_c624b9063400fa3a,0.037313186854078209
ck_0ad6fa0e23c3bd0a,0.061269917494531714
ck_6ddb55b1f23c6cb1,0.017712525381304411
ck_dce1fb3acd65562f,0.0036059924036450589
ck_a9aa389688ee5aea,0.0094801930262659231
ck_5c5284c45d9ad8bf,0.014156802131619364
ck_9ce743dd3e92549c,0.01568219125462697
ck_8342e08cc2f9bcb7,0.0024477724209063141
ck_25e551a0a8d2fcc2,0.023747318761802208
ck_d4fd0e438c97e0c7,0.039223134591917133
ck_ac7fe1c344190c50,0.014681018791096817
ck_ddd65711b5651f89,0.0015533528411847625
ck_ec7406cb5cbc8f10,0.0024480177161297629
ck_1c65e8d5be3b9c60,0.13076391093478076
ck_38ee42f15a573e81,0.0069056470675487184
ck_0e5385c70c6de025,0.0031882670642201724
ck_d3137f0f7629040b,0.0055265763853161367
ck_9129c92c12e0c8b4,0.0011945489399464923
ck_c86520a00e50a926,0.020335026786980306
ck_87f82b2b5fee757a,0.017340980971292004
ck_643abfbd7548d0c9,0.033671265310988803
ck_be51f4e5e6b85768,0.020644267706213158
ck_132c16312f37810f,0.0021081031813307348
ck_c78c096ca8cb33ac,0.00096217217760684683
ck_2ce5afbc014763b8,0.019375701397571332
ck_50ed8f4e7ae6710f,0.0036969975394064783
ck_5a4eb535c9a11993,0.0054677901585557286
ck_9b665ef46d785324,0.003040011523559422
ck_e066f71f8b296b7a,0.0033996150366295882
ck_560bc6017870ab06,0.0027285681349688835
ck_fd78f8a8663646d7,0.003517794609467688
ck_4af5ec61ddbde1a4,0.012080563771239141
ck_c2ed04a9d218410b,0.0075086138494051191
ck_2455d43bbdd2bb69,0.0040844630083923484
ck_56eed7041add49a1,0.5188643628140388
ck_5f0be7b468a72333,0.0035341992728472578
ck_19660cec756632ca,0.0036650352287742041
ck_fb90408f4892a21f,0.012499580328273259
ck_833a65b86a5d9bda,0.0027227864651693068
ck_2ac36e1dff211d38,0.022887096307450002
ck_c00e70606904539a,0.0040524980441271731
ck_ba8affe4b9505a95,0.4243345117458347
ck_0c3dd22587b08018,0.022447062969714243
ck_618c4e5cfae99dcd,0.17734403534103876
ck_c9690baddfc4177e,0.00059345202720328255
ck_59fae092fb0c4aa3,0.0091319172010975308
ck_e03b7d0fa0b28f4b,0.0056505611606927084
ck_d451d24c780b5884,0.0027048749071984998
ck_e980d325b8dbb8dd,0.0015351122975538066
ck_cff18e2d8c520272,0.0012413834700246416
ck_a0e46b67e986ab56,0.016909310662971362
ck_3a469039a5b9d963,0.0085871925329311302
ck_12cbb211ebd2b437,0.035115748925698645
ck_b8cdd6d6dccc4554,0.001497135231944338
ck_794ba5921cef50c9,0.028018712048620914
ck_2c7667f64edec2b5,0.0069496745970848003
ck_7262b4e0c29c942d,0.0042747359445749729
ck_5d818522cbfe2a54,0.024439043233931784
ck_de39c1947fb675ee,0.044850919059627202
ck_c021495606b4735e,0.0063259245315027508
ck_1fc03ba33edd9e67,0.027578668670486757
ck_a6fe344bbf67f14b,0.009454260925712046
ck_963762210edc5694,0.042567527108896337
ck_d064428b7e7dc409,0.0033784988694096404
ck_59be61b53d971611,0.0079276470087222585
ck_ec8738ec663cd2eb,0.013196482763569047
ck_59d086fab5998646,0.0056127918840771836
ck_bd32dd3b2cbb7888,0.99295041021188291
ck_ce0166addb93bbad,0.0011459803705756188
ck_7c0fdfbb447cdc04,0.0058813264673523609
ck_cb1bd7635968ed8c,0.17077823898421488
ck_66f94903177f20eb,0.0062473779331774729
ck_1d7cd5dcbcdafd7b,0.28032804529213085
ck_5e418a7c04437b4a,0.030585442417293614
ck_631ea1ae91ab333e,0.057425104177192515
ck_0a8029e79a5ae7ce,0.015464017277530205
ck_c4cca8278bdad9b9,0.000882605693206848
ck_4dec3df58077a257,0.021986469202381613
ck_609c249edd88c565,0.0072375497834643275
ck_02e5f9cbbbf2f078,0.018983943895727887
ck_32e486859130458f,0.79081729064832362
ck_21ed2ea6386c5a07,0.00072458051755260641
ck_1242aa4496576a99,0.0097031041989748927
ck_475ea9aa6d3898b7,0.030573167183852869
ck_fe1b1adae3be70a6,0.53124723152767794
ck_c5414d7a8031d4f5,0.0014853702719736669
ck_ca1f6f01868e978f,0.005714298594438505
ck_5eff0208c74ec714,0.014459016331475134
ck_a315c9619a317609,0.03183518515992504
ck_2b87683c90acb852,0.01162858281232732
ck_7cd9f39c50748ed0,0.0061795893464980092
ck_16a06d58d71935bc,0.038302033380263417
ck_d116e0e7c19b878e,0.81204515430234636
ck_931510e384b1d0cb,0.0082165202224561036
ck_e7651fb87bb24132,0.0043095440280108508
ck_88ef9f85948e1a01,0.0017103329428196671
ck_17bf38d51115a8f3,0.0055746252219609251
ck_2659d1d3762a2825,0.0048004037647679998
ck_a7285955e2852686,0.008128384047565676
ck_f2c33d5b65b321db,0.015688062607685987
ck_83e5979334345622,0.012825980640970952
ck_629537d8b4d0f395,0.0080076742711607789
ck_72022008a92c9386,0.032351619065804672
ck_2973b8274f0bf69b,0.022122361402712572
ck_565e3418d2f4061c,0.010807205311944892
ck_54bb53b8f8ea32ae,0.9891705620896265
ck_af0a6540ea7a36b2,0.002656666933954722
ck_888651bfc2c8cf70,0.011107062614966363
ck_1dedcb48ac381a1c,0.1598127473651075
ck_f73273e220296be8,0.0097489706945161764
ck_8424bf65223a5a9e,0.0042395352877608256
ck_337b930fd149a696,0.009068024329005369
ck_8a4952de8a123ef8,0.0015885801307536954
ck_884168153c9c0c81,0.0010102471370597166
ck_fdda581aec411010,0.00097982338301211042
ck_2b7cadbc8b180d32,0.74254891400070022
ck_8aa8b9968233a1ab,0.0024144301880606282
ck_0af18b3ce015d294,0.0025753595213727897
ck_8dde670a735d1e90,0.083549268940718707
ck_62f46226f244139f,0.020827595553575586
ck_f948e8a8fdd79b4e,0.0061583431172293228
ck_fa00aa0f3e859904,0.055008627266925292
ck_fc7935f784a4f249,0.00320784807431073
ck_e7501307c0698e5b,0.0101784412309553
ck_549ed417f2834cee,0.017345516479432641
ck_fb2a35571ec719d4,0.12164749801584476
ck_25822068c86c856f,0.0031904656524309929
ck_8f35d229b62c8f23,0.0029448318306659477
ck_bdcf049c1e7d0c95,0.0022465080042836853
ck_0aa9db36eb16422a,0.00098942175045712427
ck_42dcf92e9e016922,0.037079674339663776
ck_42341cf31c08c981,0.0093983737828563993
ck_0b20bfc515ba42a2,0.010129968227383348
ck_0ec820b670d48098,0.00090681047737802088
ck_1f0bafec397da8e4,0.023726974728487435
ck_82f07504ab59ed33,0.030957269970331852
ck_337b24a474010abb,0.98846932453276992
ck_703703bda38fdcf8,0.0037881525596738588
ck_01e7960c63dca3a4,0.93812163039717578
ck_be5bd81e3715cb8f,0.89769528247351005
ck_197f8058cea1fbea,0.0013069162188183397
ck_eb3fb1106f2f1b21,0.0562213712173594
ck_658b4b54be09a4bc,0.98331345864844044
ck_266ce7ccf41ccc50,0.0073779241733720408
ck_110608c3b03d4038,0.52856893301105135
ck_1be8cb95d6d9bbf8,0.00091770134556606148
ck_8e16a64a776afa82,0.30792902377623926
ck_34bd190d37eda534,0.064216808178084978
ck_4f521611ae14ae66,0.0018320654542702893
ck_d839798f9520363e,0.021554114818592544
ck_d1bbfd246c0ac9d5,0.017717650850408016
ck_f19030e6e85a6776,0.037369391787482387
ck_cdabe60ab59f9d5a,0.0081989596345399887
ck_bb84b2b30293f566,0.69747260002350842
ck_427b91925952cb40,0.024109281891258452
ck_1078b1e155b5b640,0.008066658455267892
ck_95fdc264eac72fa0,0.0023076831603170245
ck_e35eb857c61548b2,0.76754070924013673
ck_69bd0b1abea7e1f0,0.12593307555898936
ck_59de511b20c842ba,0.086259514931676703
ck_168e7ea341a36b80,0.0018176333017847115
ck_4937cfa6526ea138,0.010041789815131853
ck_bb1a981306b750ac,0.096534977198246441
ck_f42a43e4c3f34ccd,0.0029383737626822158
ck_c7ae1d4b3ab38185,0.0041567102941419808
ck_bd23cf9bba1dd33f,0.019592527411645404
ck_0fd826fad7ec7cd6,0.021988418046471808
ck_f143641bf3dd0414,0.013712584686589769
ck_ad6d48c20a3688a7,0.0015233347908241099
ck_7bda5b5b927b2905,0.04572867312516099
ck_a337eb38eefdcc88,0.07390372399970957
ck_403da2a2d800df9f,0.11922426271098743
ck_aa01d5aafde73d0a,0.0015507366339121995
ck_494954023f0eb309,0.01834357524847903
ck_1c6820fc38135ad9,0.0076320206065830318
ck_0e0bab173622db9b,0.078303189025432957
ck_547090bf35a3b243,0.006757421995324973
ck_d69455220b21dc9b,0.0019434267213811317
ck_90b4ac695b9c6bf7,0.001978060387812276
ck_8d2afe17c0082e6a,0.013419788555138767
ck_926b81c0ba528eee,0.0028371843097091424
ck_ce36b0c287bd198e,0.049023871232713137
ck_8026e017909aaa6c,0.0046423223393037144
ck_dfba788f35d4c372,0.0026638157535779855
ck_f09f9d0e0886e0c6,0.0058501103907661473
ck_4ffe0366df388604,0.006271551465939198
ck_75bb521de55644c7,0.0019781816805005286
ck_81a960fddf79ecf1,0.88039853807026525
ck_8f43459991ea511f,0.0023908398713379173
ck_f878b68d66fbfd4b,0.0010508299512120816
ck_e84abfc0c747c9dd,0.90406908979939493
ck_3ad3fd3cceb56b66,0.92937320656761513
ck_7cf562578c7f158a,0.002312359686443187
ck_f81a97d350397306,0.05093457108411463
ck_255d87b7fb40caa5,0.030025704202848447
ck_b3905153b9eee924,0.0084995222733645417
ck_2c80a592fb4cd6a3,0.0025767027170940085
ck_57deb202d4188a29,0.0051327849773545754
ck_e3cb5f31d8e94448,0.93108974083203544
ck_0db62d5f7f75f80f,0.0061659557678807268
ck_ced9163ea85589ea,0.13634056391559909
ck_e16528edc694fb33,0.91720516813139308
ck_78cc5ec4940fec3b,0.0019873868997566475
ck_31742076e9a998f8,0.053777915487340913
ck_5ac335f02280271e,0.0090269111213831486
ck_7cc2e091806cfa5b,0.020181625173306048
ck_3152c7115257f084,0.0061923626094762749
ck_ab1b9d019921bca7,0.0060836063023339071
ck_c33a762d98f9b290,0.0017442482874687837
ck_b16a7c51b6f7a6b1,0.015546044408267443
ck_97402a153348e68f,0.0057058735261439749
ck_95391029a21caa24,0.018799344360491934
ck_c2015a1200971fe9,0.016713712154956401
ck_ed4427962c68918c,0.981674163285299
ck_c5e4a17d3efb19a4,0.15237786885351695
ck_8aec3d3dd51517c2,0.0011876966311281016
ck_f5178a658225d8e4,0.00089050036017678891
ck_8594f165e95316d2,0.0024162520578751914
ck_f0c4aac04076a6dc,0.0041437046524694316
ck_ac2f7397801036ef,0.020715388151998998
ck_d1ea4bcc407c7d5e,0.0049358020505994964
ck_cce8b6657a538fe0,0.013289441003534876
ck_66d0c6d6b67a8d58,0.0010743001217742407
ck_1a6b30320835e57e,0.0044949658493475871
ck_8cd274cc85aa35d1,0.015530268694563611
ck_ada46085a78280e4,0.014213473441040059
ck_ce1b06623e4a815e,0.0015927650115677263
ck_45e70c8a9686580c,0.033914819586088919
ck_0084d8ab6b1044f3,0.0016660175130984482
ck_a5f7b6fed6df2aba,0.036645321664991889
ck_94940d783e7988e6,0.0039007659157103726
ck_00f9ca84d1d8ae7a,0.0021749337430795931
ck_0deb56f3f6452818,0.0041165241791026588
ck_a58e900469dfc3f0,0.0072696737767697743
ck_028c41b195280980,0.0025845296871804275
ck_7661d7ceaeb19f97,0.010223781603745831
ck_6957905a65c47879,0.012687202961759635
ck_f7c6c26ef3c4ae06,0.0064918037295103662
ck_8777beb11aabd66d,0.0081233155839711742
ck_7db098a17374bbf8,0.94568961017260023
ck_66aeb00e44486cda,0.58647894641138598
ck_838c52cc1d315ec3,0.012507004405262942
ck_1745847cd4e5dc83,0.02148078120380318
ck_201687857ec8b3cc,0.010047483932495481
ck_81818169208a8cda,0.010254350395732477
ck_3303fd3f64632c7c,0.054682792752772241
ck_edf1096809e83ef8,0.0019966617393436048
ck_235ce9603c7dccbf,0.030822489259702872
ck_9df7e153868bca13,0.0033072874571777461
ck_3cfeade2cf270fee,0.0036699599196184495
ck_982b0bf2e2b6c4f7,0.0011765785261497708
ck_faeb0da678bb86c0,0.0029599949581907317
ck_e86ad2fe815b6ed9,0.0068067802820490006
ck_70d69e5d1bb99e85,0.0085481553267371634
ck_7e9a8924eab779e6,0.98456404536515407
ck_019d5891103e7da3,0.0032142514093045959
ck_14f0484b3817eda5,0.021126008399313986
ck_85de63d278f0fbae,0.0010844210064478658
ck_ae91b4cff57fb3bf,0.039599415118338359
ck_2a6d43b9f883b78e,0.61616657943815789
ck_7a4e3d553e8ab5b7,0.085309908391813141
ck_fdf89dc69f700f84,0.2430171607205146
ck_f92e04024bf13558,0.0013178979861679678
ck_4a522ca2dc4831a0,0.00074149146072599039
ck_68ba25dc3385fea1,0.031837633727171286
ck_22128a4f0d033422,0.01868340110553509
ck_5b52ee0a13c71590,0.0018914262834258935
ck_59472d17debedafc,0.013016119702186673
ck_9dde2c63acda3ba3,0.0029433139767443468
ck_7510b1023cd08531,0.0021190751636893696
ck_071ddaaf2e4e3671,0.0021105107131519163
ck_1355db6f4010232a,0.0085974607155051286
ck_0a7adc2f27f98510,0.032047805953895121
ck_68250033717cd59e,0.0050291442002274849
ck_7c12de74de30b788,0.41477780342722703
ck_65491367584c730c,0.018402588762789579
ck_e9047964952bee70,0.02455894698193543
ck_5567779d6ba184eb,0.022088603817029453
ck_d6ea026357ec6477,0.0062179637104343658
ck_cd7dcc884e283746,0.030228759206285941
ck_0bd77fea8ed75a15,0.0061009482505096687
ck_e80883208e8d0453,0.0090463386805066624
ck_2ad0ecbacd5acf8e,0.94855242257232275
ck_6c1dbee7e8fdd5c8,0.0032258698775912988
ck_ee4d9a7449515908,0.0027653898296044373
ck_636111f7f030496c,0.0034724208835256133
ck_2c629c657f73941f,0.0085835188748017675
ck_c1c9d3842d758420,0.041169159580899575
ck_e4df7faacdfe8c40,0.030174084373270155
ck_94e8142728e44380,0.021479644982015038
ck_765aaf42c5088545,0.0061468743597850369
ck_e0f845159b6e6a4a,0.012240037668802294
ck_5bc07deb82edbad7,0.00083552159531196507
ck_713159c5c6a7a4d0,0.99306500750271498
ck_b08afc91d9ca55db,0.018075911116418108
ck_a7bc323ffed2ea97,0.16661657323088824
ck_85ca825f905a34a1,0.019540829094732218
ck_33160c443d4b3f19,0.010890221209517676
ck_832d39c590a3ca75,0.82539610544517938
ck_7d1661a34164406e,0.98514741135118189
ck_c2466fc40fc9d5ed,0.96388612155648956
ck_ed0e776c0926ce67,0.099544308780937008
ck_cdd2ebeec75bfa69,0.11697286563242973
ck_d7877684c7923ec3,0.0039745109646722367
ck_7384d4d2406aabf4,0.008522822184741867
ck_b8e5244e650aa81b,0.013321772285406963
ck_25a1ea40b2d59254,0.0010454023032023451
ck_b9e5b318ee4de68d,0.0085186138034570626
ck_620d7ae27af83cea,0.003367204866557616
ck_40b4e264d1a12b83,0.97307596008057207
ck_b694c803b62862b3,0.0043759742012829195
ck_cbeca201dbade3e5,0.10276637298524267
ck_f9b439c9161c3e52,0.0012240558029871112
ck_9880410fcd10a28e,0.0010582220362482587
ck_74928f5f91aa12b2,0.05685349119321037
ck_b6673bbe61d2680d,0.010305984589589453
ck_53c8315b5c30acb4,0.002933187912306897
ck_78f01d78ea79642f,0.0061810998357152355
ck_8582490d6e365a63,0.014322432468434336
ck_af25c72d16299258,0.0017226633873616993
ck_7905fe8e257b0449,0.099012293390947942
ck_0d16d9349e4a9e08,0.024903784602376647
ck_31b16b8848584e98,0.024314822281633883
ck_67207e3eecc02d76,0.013128862522756548
ck_e6b95ff91116a592,0.0054481273104515617
ck_c08f622bcd6de6e7,0.038899986927834675
ck_f9a68da9e0f0bc85,0.0019721207352504729
ck_4072b59388976896,0.0034630137249943779
ck_8ec86e853ad52828,0.043816100385428727
ck_4fecb87eaffd5cb5,0.0070957217452540843
ck_d6880578428b965e,0.10355818665265415
ck_bfc82b3c1c9f2897,0.95826691067465175
ck_c340644176ca03e7,0.01054346693331981
ck_321e740066fb05c3,0.45591833164430062
ck_8929d2eb09872052,0.036782488308808994
ck_205c107cec528414,0.541055358754431
ck_e76db7d2562f9836,0.0087330211739842616
ck_9ede51c8434cff6e,0.0067436291657994247
ck_492e4b89c61b7b6c,0.0050375356687098029
ck_9385f5a1eeebefcd,0.028928721100251222
ck_ee52c7bf88f952ab,0.0066025018161705931
ck_d8116c34302021d7,0.002117143790169829
ck_01645ea51972e99a,0.043920508526619426
ck_7b45ed23304a854b,0.0055132387886035368
ck_2096d32f3d497ea1,0.037938165331739007
ck_dfbb2056f1ef7d3b,0.0026034679466888553
ck_938ce30c864bc7df,0.0024745561736281992
ck_ff30dda2c881a4bd,0.79596793653894393
ck_f88c79186a082beb,0.0086321008773506368
ck_08c7bb0f9851cb76,0.20775359933500506
ck_2675e7a008e584a7,0.028101328849562096
ck_cbaf8a954281d4e3,0.98359962035859927
ck_8b24eadf6c72b30c,0.47821025598782962
ck_ffc8e3c1377d0706,0.0036526142185709818
ck_5b59e859bed5b40e,0.00726854743620886
ck_7b61717f172f9317,0.95193466272151328
ck_e5c30947b732f661,0.067386431173031974
ck_bc273f3ce79f7e1a,0.0032605550891558581
ck_f69e93388b3028cb,0.10222242223650635
ck_3837ad850996ba60,0.0078774141524851904
ck_36d78ff3bc033ee5,0.0088710139808789428
ck_5e20953547ba4135,0.041304278277808824
ck_258d661e450ac870,0.0093904309698267952
ck_1df66f537496ca59,0.035424557433036373
ck_361f535599110201,0.010785991161002768
ck_337e98c69f6e7886,0.0067987453804438745
ck_d3d5b2717cfc3913,0.017876625694392079
ck_b1dba768dbe7affe,0.025587239524519141
ck_92d782bd9ce0d1e3,0.0044033372129815094
ck_26bd0f8898afc8ba,0.0011639963268823099
ck_7916e53daab36745,0.08480931356327398
ck_2caf553b31831a50,0.0099576713265300057
ck_c6200734c7f9b2f9,0.94876170818886252
ck_cdc55623cb16e6a9,0.006027401774426136
ck_57849e15b61c43b4,0.00096372682033996277
ck_b7af9b2ee0eebbc6,0.025487005401693939
ck_00aa5fc3b3bc66aa,0.042155788837799857
ck_9929723f65636c7f,0.99490265983018777
ck_8f6cce9f69912983,0.011002578214415479
ck_c422ba389ff00781,0.00098208962724652253
ck_9ec7f334604a228f,0.013809742046287727
ck_5d01200ba3341462,0.0083458733766669686
ck_2bf10be403849c9a,0.0055817164959496334
ck_6ca018259f70858f,0.0053198585070768165
ck_a54dc042ebb7c766,0.16318818077344183
ck_79da63fc100830b5,0.009915336926515899
ck_67ab6f9e05c85085,0.011204189927084924
ck_fa80da579ea9afc0,0.0074614206535451033
ck_4339f86c87289222,0.74830744775678482
ck_a2299b4f530be0d6,0.21765527594565576
ck_19db0bf788697c2b,0.0026540221254399651
ck_fa4211c4d826d830,0.0008135941624979868
ck_96100d5e8e051e91,0.0031942469149680336
ck_5c3a671883d58b3f,0.00083322730266532322
ck_2d9524787cfe1ab3,0.35304323862564557
ck_47ab8e51e5b3a2d8,0.0020101159718999215
ck_c924f36bc1bbbaa3,0.006189396805711107
ck_5c58e7f8fd55e26c,0.0014684258806961126
ck_a07e7409d6d5aa06,0.020534257055408203
ck_c8413898f5f7cb7d,0.025086746075492199
ck_577c816b41cab002,0.87296974845928599
ck_9f7807ed64cdb728,0.015188995027188117
ck_495d814d6d6d521e,0.0022936834768238507
ck_7aa8bc018c2b003b,0.0017824063105868722
ck_7c3a6a82f3c3241d,0.0039686517310377842
ck_487f7fbc290e4ae2,0.0021116079831206532
ck_e556c4d36aadbe03,0.0021953495328744903
ck_7e6569a1b2455cb0,0.001044913158449024
ck_de2924955926d046,0.019782950677343036
ck_73d60b4630e3937a,0.0014640774297270448
ck_805ee564bd35ef15,0.016334325420539232
ck_0d40961e47797027,0.0016223377790043187
ck_f06d00a4f9c87d80,0.0015355956364188784
ck_5ef50fb07b6737d5,0.0093306520410752283
ck_16541fc15683e21c,0.0019622268201279522
ck_09fd43f1b7e2eca2,0.0017288508646726816
ck_2a2c336a69b8d68d,0.035817912438133689
ck_2685f38930866af0,0.019101154734023011
ck_298278a9da874437,0.0054872905517832637
ck_00bd7803f2530c68,0.0037894625701832252
ck_c2b4a1d8c0b6c1cd,0.0017457100623372173
ck_2acb54ca20c3af6c,0.0090030730701086727
ck_e3d4b6f681c783ab,0.0098739252829441598
ck_f90293f1eba5d7b6,0.043213503374199116
ck_e69d27e8965df0be,0.0019225325487810499
ck_b7f5d10b427346ad,0.0018294253813616198
ck_1ce20e4223a936b1,0.0071179452845126917
ck_6b97d1ab90f6bdeb,0.0053676211366882809
ck_e30e17db5473c7b2,0.0011356252542447183
ck_154c8efb19dee665,0.0087694038431898741
ck_6f5bb0c930644cae,0.99587471662039029
ck_9e17699baa83d173,0.0010911830451038975
ck_9693b1eb70880205,0.0062696080427462018
ck_1e97899875bb427b,0.0038662190333183617
ck_558a82590f65df69,0.00083733187626941041
ck_18df83242ff3cdbb,0.032635834739674525
ck_80ad4396e1084c68,0.010979602567214464
ck_0a993bc947bab61f,0.039628804008586392
ck_5c2d43ff841632f9,0.0023950225757926498
ck_6e4b99fb9725d9fa,0.0094522797537220354
ck_e0983999ca26c19e,0.034985749145240996
ck_6573c4947cc8607e,0.033983063578984472
ck_d879d645d6e44207,0.0047367171600366737
ck_1375ad9f10688e4a,0.0010365661935851022
ck_7501ebbf4e21f160,0.00775208340721684
ck_ca60d61cd4dc3bea,0.0016875907929889186
ck_ab9ea095a5c58b4b,0.0098657050885306019
ck_23756522b58df5d8,0.00059329864988050306
ck_90bc176c43d85fd5,0.12614731297278667
ck_908b663b2dda94ad,0.019189290431333269
ck_4df2fb8e4b649e27,0.0020076654358424399
ck_5615c6bbdef05291,0.15307055855183521
ck_b62f3e3185251f71,0.0010728580800445395
ck_38d1a22850178f33,0.001498681775642309
ck_5b3ba20c8bb1383b,0.0042899403251086621
ck_5576ffc6aaf6f22c,0.0018279030280462826
ck_cf7a022178165e56,0.0023024226392430215
ck_f2c7a4c50e2ede96,0.03330022872303505
ck_285719c77eadf915,0.0020068494302146116
ck_f2aa1b677619ab19,0.0078715271193582313
ck_3830c58d841e9e69,0.82969368242828745
ck_32eba3510c8eac5e,0.0080958504876325627
ck_8955d7b9030d5eb5,0.020832255557369908
ck_6775e387dace7525,0.012203279957019291
ck_0a0cd7f4be606a93,0.048135386873355064
ck_a9f700eee5d638df,0.0035235061050765551
ck_3d7db96995745472,0.028955432345543791
ck_aeed557007d52e9c,0.0005468961098575747
ck_79b6a86830156b5a,0.014175907953053566
ck_6a1ff9d69466181c,0.99469243677834651
ck_f11b1565f986f5e3,0.021767009049678591
ck_4819327a78615485,0.0014858871375834195
ck_3ed9e081959b2f5c,0.014928076731187928
ck_16af4be191c47d3d,0.0011210275960542603
ck_25122cc0e8b1a662,0.048108553982176644
ck_509c22828d467ba3,0.018994355041633524
ck_31109c899336348d,0.11997286239709826
ck_c51131e53baa59c7,0.0015210465416240809
ck_cf8ecabbc61d3e11,0.0034222607623887692
ck_eb6baff0f85ba936,0.012908220431578318
ck_777669e2243204f2,0.95816180265778061
ck_ac0ea27e692acdc9,0.0046677909475741023
ck_4c6ea04ce8ca9e2c,0.0050170639015057585
ck_ca54b32fca7e94cd,0.0027869816165362279
ck_4dfd8947f540eb24,0.012772230635695747
ck_95aff1fe27fb24bb,0.012755419190576085
ck_c7550723b90e5615,0.0025629612821243229
ck_57b3fee69bdf85e8,0.00067807454296853512
ck_f823407ace7ff064,0.02815736868232728
ck_a69084a068bcc8aa,0.02233233198144044
ck_c7b17f7b24bef5d7,0.0082293438668624343
ck_7c4e588f927c27c8,0.0079008632059118164
ck_77fdac602d0c6f95,0.045244355952300232
ck_e963d8525018d072,0.01850062079365606
ck_6e8ebaea8f7bffaf,0.0013009075042176689
ck_aa42976a31cb7770,0.0078176826321158799
ck_22c862a496008c96,0.99201380004984718
ck_527550dd15f38782,0.020071513053801615
ck_b3ab3c210e2c7c19,0.02333831722991532
ck_ed9c56fdb9f45ddc,0.23138309686408898
ck_b53281da70defcfa,0.0054459845941350164
ck_03009b721568ee98,0.0067492203657767407
ck_3d9afd862b3f4053,0.39434869480902135
ck_ad3c4be96599554a,0.0039383247820025122
ck_d1c787c27d50af49,0.0091109985821068492
ck_c7a9c7b2eef46a99,0.0024432891214431363
ck_53036d3c6c74446c,0.21504888122778826
ck_1b1efbd9c0964c8d,0.10149205937609812
ck_d66f42a269d5c1ed,0.0066170453727021723
ck_fefc49a2b8ad993e,0.0042361359443066271
ck_8b3b874249adece9,0.045885024312651776
ck_193d9c87ad3f1dad,0.00085750908875982914
ck_0c6a50d747593b7b,0.0059445972485003846
ck_c830f3830875b47a,0.0037435524729826338
ck_79e202f06d8dfe42,0.025782175911037944
ck_5c0fe988b8aa7fcb,0.099672772685019492
ck_a8382d8345f21e1e,0.0026368404684225526
ck_8cb20053914692d0,0.022291289221954759
ck_1da2f69023ca4c13,0.0008526575862508514
ck_38abb60995114f8f,0.0097477019800569324
ck_f5791fd8fd8fd191,0.006056466233918532
ck_a4e6fc391b674335,0.64725934191318002
ck_bd771efb4a7e15d0,0.002609630234672769
ck_38ba4a6b6a292054,0.08128941045823708
ck_f7a07283345a0dce,0.0044562210433951146
ck_87dc484baaf5a23a,0.00085373162370169862
ck_c84ef83489badbfd,0.015883965514899945
ck_a397cd64ec5d644b,0.0026151863921937161
ck_7977135c2ff61e92,0.0064727916351738704
ck_52174855b243a8b0,0.044228035618596354
ck_0f35e930d0614613,0.98294391518028978
ck_b170a7db522a0d6f,0.0025976329269667684
ck_7af748a23775bd54,0.10529329514863509
ck_52f641c9ee6fda70,0.00265890849082235
ck_c3719a30414bbb4d,0.002802335224657726
ck_2baf214ad6bc0dbf,0.077566773868119596
ck_8b39d8aacfdd72b4,0.0098251065779483629
ck_d39b0152116203be,0.01834902076877612
ck_ed33f8a937f9c7c8,0.013103920288336422
ck_8ef97b55a5fd6ec9,0.0011217590305128654
ck_8247f008a14bd1a2,0.0015782415543611084
ck_f0d349d68249d5db,0.0010258235282326351
ck_a544e766540861fc,0.0070444681197842848
ck_9dfaca4c7c80b10d,0.032433190572866866
ck_7e5401c362b2216a,0.0010677064753932277
ck_64ff60c073fdb6db,0.01631044819426725
ck_fc5ea49518e5d637,0.0012784138733986966
ck_580f136ced341298,0.0015207457673552813
ck_9cbef9bc95449dca,0.003183928466224025
ck_e475a3b8ba870a7e,0.0033680813028315534
ck_97e94708bcf43563,0.0044890366490106951
ck_13f03ec785cbdae1,0.0010180572473201936
ck_152820d8817f478c,0.0075717396063851652
ck_d20d4ba60eec9945,0.020332800279714153
ck_5c45968a805132e0,0.015402515263801143
ck_bebea2cf3063fb24,0.0047659862128009919
ck_c3c69aefe7ea1d2f,0.0084233741379745146
ck_02028b72f26fe855,0.0079020572110361387
ck_dfadff70a58a9133,0.0013859642958929208
ck_6482ed4491bedcaf,0.0034391027960411226
ck_754cd7b4a5ae3f94,0.021272379202141367
ck_3132857aec8485bc,0.00094625587943230206
ck_7ce4ca91b8f9f1c1,0.0075331399836007611
ck_41938582f4351772,0.0061203806380999547
ck_f87d66946252476c,0.066491340529835963
ck_8053f1879a9b4e43,0.0017795410867811863
ck_93892e91387f5103,0.0047618935419887053
ck_15254db133b28371,0.074774913474507418
ck_d557b9feb241b3ec,0.0024604193999728215
ck_71c3a8e4c12c989f,0.0059143578262764868
ck_80e3041811033443,0.025691377126833479
ck_3380d60067b4634b,0.0019948004997264947
ck_a9c2cdc758df8510,0.040997445384210823
ck_3c0031d7514da17b,0.027054169674733442
ck_18d214b1418be39d,0.006796123779756952
ck_7ce768407fd48321,0.015531007537700191
ck_7a50abd42298133b,0.0038255278344319034
ck_2db10f987d137582,0.025585783564655996
ck_e077d004cd1d80ae,0.0050842673989076118
ck_1cb6dc67f9a321b5,0.011893481170931339
ck_b864f64101149c35,0.19056926995828519
ck_9bedf54df9418e4a,0.010101692919855777
ck_c47e32c47f0e6578,0.26982316455302435
ck_71f382d5e338daa3,0.003385366897363675
ck_14b4bf7be6ac2b61,0.028514794994006235
ck_5c87eea1cc07cc92,0.081255067731291486
ck_5f445182829ef342,0.022940334576125605
ck_a5d7311291caaa54,0.0020074961724115613
ck_b7df99aecef385e6,0.071319355570250417
ck_3327a0582407068b,0.0094236290769930536
ck_08dba09fd7dab896,0.0097234547745824341
ck_f4ec334be5266378,0.0038450063428633109
ck_240f7f894c5a86e7,0.0031100889776556348
ck_a9d994554fc14a02,0.00062371716973330725
ck_13648cbd306eee6d,0.0070257117546393176
ck_601edf9105b3c321,0.98838230154057782
ck_9527adac182abe57,0.12252796753256823
ck_4e0e80f5cc271bf7,0.00062206671104237158
ck_96a89e720176b389,0.07507875297723024
ck_63560eec94b76d2f,0.012588200013282102
ck_c9c99e5b19aeced8,0.0010785086851043517
ck_bc32655ee5ed643e,0.0079286980324584332
ck_edccb5a93b741744,0.0048583520275937283
ck_f786cbc987b70930,0.0015725084641685721
ck_0e8f26536ccc8947,0.026133403083287033
ck_b87ef4b98cfcec4c,0.013814243134007986
ck_1a9235812de4b2c1,0.01840684761763384
ck_d1ed88ea4211ba4d,0.0058109666751800532
ck_a4ddac49657a4450,0.031992045002834563
ck_d9ffca35188e49d8,0.019804556921044266
ck_3db73bbe03c3d240,0.0011709353423329746
ck_fffa0622344a36ab,0.0010101541023720918
ck_148c28df51bba5e9,0.94186995076541669
ck_076cbc25c8f15fc3,0.95485277285252357
ck_e5ca550b39ed45bf,0.26122547231118443
ck_8dacf3a2061ca17d,0.0081146816019428501
ck_2d7394afd61643d0,0.0021928272780879299
ck_e42206e91f6a1752,0.0010554176690734448
ck_2f4f94827984c426,0.0051587393727474239
ck_edfe8e90e8f4366e,0.0023777231127674442
ck_646b15f753e5e9c6,0.034921963662323703
ck_66600620149c8799,0.0031491751175446413
ck_4ff6fc70bccfba96,0.33536450164855258
ck_41af3729590c2484,0.0057717338837944632
ck_920a48ba8c583e96,0.0024138003819622264
ck_0253b3e7be021306,0.001727496902351178
ck_2ae6949246ea2648,0.0078982721273764094
ck_db23a5100f338d72,0.0035230930652303907
ck_fcb2a559474c3493,0.0086288626270291345
ck_0a4d7acd2a53cbbd,0.015629387222815701
ck_c5d62b2b7a6f3bac,0.97146833496493556
ck_cf59f4fc0ea690b2,0.0091250114180907657
ck_837be8126bb19250,0.00094102110494518611
ck_58955542edee1adc,0.0017353920023274064
ck_1b93381d8eea58d1,0.0052553478523121953
ck_97b8e05d62abdc14,0.0087731165128557345
ck_71a0d645744302a3,0.0022297738306548934
ck_a7b57882ab66b111,0.0058503877114189735
ck_65f76421be648549,0.0047387721879072493
ck_b53ea8713d32ca7c,0.015304328355610086
ck_991c4c924a1d85ff,0.79028923457650646
ck_8432ccec1a4ec7fd,0.9924333769378636
ck_64c1633297f43788,0.002369933377579553
ck_4291fd9c1161d8e1,0.032577342093081732
ck_5e98ed6391d9f429,0.03512003599259543
ck_c7baebe4549fdbb4,0.023583272056147239
ck_6e67225ba59fa5ae,0.028991416415883833
ck_719602def4d35fe0,0.028659022292748693
ck_bdee7c86f5ebe81f,0.014942204898448563
ck_8de38f8c7f91961f,0.059657272221217236
ck_b0b5bf9254700402,0.0087885241740897745
ck_7b55d9bb1a250d4f,0.033594080714085144
ck_3954b7b0fd1d6614,0.0010551012632367925
ck_f29471fe7c818d6a,0.0023617985811326442
ck_9e65a8a2f587691a,0.0088082257997485376
ck_eaec5f1a83b66eb0,0.061708652391711603
ck_004fe0daecbe2c1a,0.1279736489965895
ck_d17653a4a2d4a79e,0.024557173658588595
ck_0dd417fcbf19e424,0.013812679114089201
ck_4c99a6eadea143e2,0.033572515912791631
ck_74d602c907ee9119,0.00082152178787610385
ck_1aa87cb62acc0ac6,0.0081674407695660409
ck_094974d75e29fb2f,0.017476086881408184
ck_5ef935ac3d4d3332,0.015953119787556098
ck_b26e4ae47c9107ed,0.12485591451820142
ck_396cea6f95186ad2,0.016833369195974987
ck_48446a9e8184c7d4,0.0030780701988258269
ck_31e1ede23247d56b,0.01293143246270197
ck_7afefa349b960a3e,0.0077546240204452443
ck_f5e02a3432571b20,0.028979037858846136
ck_64eefec062592c43,0.0045181000294776622
ck_a1201284122c141f,0.012631734724482521
ck_1b34c420a4c85a95,0.0046527307389060526
ck_d637a011332ba67a,0.0025998967342925395
ck_99c0004d8b7079f8,0.0029737079424431573
ck_948517bad569b40f,0.046268034134987202
ck_a28d6b1601b472a6,0.0343319706144746
ck_a0b4209feb31f5c0,0.99297800822298221
ck_d6d2c1f6dfc455b6,0.37237716795659209
ck_3f9e6d356d3dd3cf,0.0011002712730162514
ck_d08e00c842b75176,0.0064136433688261382
ck_bfdd232a7c5f2660,0.028297355302397784
ck_2cdad03ed069438c,0.027994080020605883
ck_42317c3eabd0a285,0.59569601363391855
ck_3eb73e56751c704d,0.015863627959403288
ck_ef33c04f4c9e3758,0.013712188674285163
ck_1dc23dc870f1773d,0.01265629298247193
ck_76091f357974a152,0.013487280676382366
ck_4d9eb75e8eee90fd,0.013603854419724995
ck_578f67e69e5d2cfd,0.0025168834609508627
ck_3a8ce1cc724229b8,0.00091572446963608407
ck_a96887f841e80fc1,0.048586301181789582
ck_d2d4a8f4a9f2c33f,0.010071800849576679
ck_11f85bc705dbe036,0.029006831250279169
ck_7429b3f87528e335,0.0034698366646709212
ck_26df74feac7ec51d,0.0079234698860615026
ck_c78b2638fadd91ab,0.015752558972705746
ck_7eaad325abe3b50c,0.0048438280249127885
ck_fd44e34af620e606,0.020614039500198304
ck_f99738dff854e25f,0.004120307737215498
ck_1ffbce3a239bb264,0.0034352853704542425
ck_96c7d52ba0a766ef,0.023605923526433988
ck_cb1c00c300af3f9e,0.012922976456352559
ck_ec3d12848ced99f2,0.036585169124143252
ck_26cfd7c3c6c7bf69,0.0038681289070770751
ck_7ae86b5a885affc3,0.015974302221554444
ck_3edaa94d28cd48ea,0.0028470392728839875
ck_3209c530c9812e39,0.002674386941512136
ck_ea62ebfc1f04b49a,0.0018294436976696747
ck_5fc90b4668ea81bf,0.01667448272312454
ck_95654593cdebd141,0.0016246835349506745
ck_958c0bd61820147f,0.035962834533777716
ck_8440ef1386c07194,0.006267928093197709
ck_8cd1b68dd74b1375,0.10421088982753302
ck_c9eb4df91ff07f2c,0.0082079895987538631
ck_c29489366c01fe65,0.93820653158310829
ck_c965fd6bec0f0ecd,0.0075138558470368025
ck_84c402b23766e1f2,0.014319050593588935
ck_181f3dae03b87136,0.039986347001149822
ck_022a8ae79eb28cf6,0.91260496588120588
ck_469c17407d17b706,0.019530882080896077
ck_1fcc5843f39148a9,0.0029910978818238937
ck_5debd55f361b2ddf,0.0019826792479020355
ck_28cb9b03e89263f1,0.0010119200220177183
ck_f067470743d3c7a2,0.045715876039715109
ck_d5d225ce41a1a762,0.0053456010500898005
ck_15b4840922195ffd,0.003971551104248368
ck_6bcfa37c717f19f1,0.010170575304249115
ck_8d501a0386c66be8,0.12288305155682691
ck_1a9d6190c57ea7e2,0.50014449630499469
ck_c49832eabdac5bb7,0.0014347274622237771
ck_b4331140b2e0d4aa,0.004919065805026792
ck_5efbea1befdefe1b,0.061649178314494221
ck_72ff52c4824072ce,0.020426575713213494
ck_ec3715add8bbb6e9,0.002018089422663326
ck_9822f8ed05335741,0.0057743571064611419
ck_c3d7d3d12a1981a3,0.0056144219788971106
ck_a115a7919ac5875a,0.032227518814115189
ck_4dd4ed23e0b927b7,0.21524850038716822
ck_4c76efcc1ee6762d,0.010486001993244327
ck_3ad6e7bf452c9b21,0.0091104985400305601
ck_dcbab304b55a42c7,0.006099796801285899
ck_24b53090faf722cf,0.0073663415272142638
ck_187317383400491d,0.0025772742948004211
ck_e07fd57565c94c28,0.016711275508017674
ck_740e760fdcd27835,0.0021480289690500045
ck_d3796aebda1cfed5,0.84172870490439866
ck_e541967c681cb929,0.030880963549981957
ck_431118050b834dcb,0.00089522727028030179
ck_90f3655f0c8a0074,0.0011755293826434708
ck_13cd943777651aac,0.020650136389263166
ck_66accecabf3901c0,0.0061381365519903638
ck_937f0da2306b2eb9,0.002025446930789666
ck_105b0c93573fd5b7,0.84494732570124964
ck_00480407160e0743,0.0028709003430837225
ck_e032068be7b77d15,0.018034348849729299
ck_991b7dfd69098320,0.0011570149038944517
ck_37d47cf0f34574a2,0.002070477547115067
ck_011551a596544f5d,0.0018347978369161514
ck_9acd98f4fe2d474e,0.045195075299021406
ck_7c88d3d377bb61bb,0.016502686749400839
ck_e2374c7136c964fd,0.037917552604246119
ck_2fa8f2577116e9ca,0.040242024106398697
ck_d07c5b0321c685ea,0.08036480271165497
ck_bc736114a31088a7,0.0062948665426021382
ck_32bb42f9bff197f8,0.0030293906454752712
ck_66267bbad1f1415f,0.98772867318836166
ck_19988702ccd79201,0.0055015662436646937
ck_f473a03fbcdbc4b0,0.0020755489669669275
ck_e3f1d85fa5d49396,0.013321189453383876
ck_c4402ea6291df271,0.02009517720946101
ck_243bd5ca8c4ae5d0,0.0032822921574250535
ck_f271e855925e8d6b,0.091611954285276742
ck_e424148c6f2223df,0.0032004415948705383
ck_e4d0a9e1102a58b5,0.0073997245875667339
ck_91c2a5fe69b9b1d1,0.0048276234377964411
ck_5fd8924732fe403e,0.18493773427559768
ck_9a881d5433126ada,0.0023781461608611645
ck_73cab88b29c7845d,0.013557085266193487
ck_5b5dea6476d4e182,0.011542562639049656
ck_ccccb17d2ca6ce94,0.033247289167989594
ck_cd1dc68e441222b1,0.96036457917043105
ck_8312c49b1431a406,0.036228228392137247
ck_25fea39897f2a559,0.0052900041644859527
ck_f56200205280bddf,0.025386880681613277
ck_7336611650dcc088,0.0014156521044543958
ck_590716322ff147ae,0.010524762414959969
ck_c82364d87875a1a1,0.0080939585229826347
ck_fa4b60387d744fc5,0.00065321976504344246
ck_d841eba8906e9a15,0.0024992359703693342
ck_d6df562a79b9d0d9,0.0052248070384553862
ck_59a14d2564193101,0.00089873588539614877
ck_8530158e3d7f59e7,0.0069924128972990648
ck_ac68d707006c12a8,0.0055217769084982445
ck_976fac1bb3dd8c58,0.019875601432697294
ck_f854fba8f4adae3d,0.055964803503282742
ck_b98e9c3ec6e7d1e7,0.0019778864748913098
ck_803c0b4cf9d4bc1d,0.0056728355481348927
ck_76997a33c3ea5107,0.0010396005178051784
ck_f1a9d832b700bda1,0.96144382247178695
ck_2bd96ddb8c323d63,0.98895371517616015
ck_9e5b7acf51b1b743,0.012042365369760966
ck_09169f22194fd6aa,0.0064832808176909966
ck_6d69e092f9b0848b,0.017808496789231971
ck_9f83fa5a2d3b9049,0.0068016906475504386
ck_57bbb19eecb4b87c,0.0013357747170092021
ck_e0e9cfabb979f428,0.0049222310848420041
ck_b1ff9edc51d42f97,0.0046761868734153788
ck_4682fad271d47eb0,0.94451487254204525
ck_ab33fb754c818ae3,0.021156793881311031
ck_b456f62b80e21557,0.00055769170119020673
ck_16340be3f2a7fffd,0.0028182202865042255
ck_ce66831f6611014c,0.0062376607307456176
ck_4610a073bb54d1b1,0.0060862526876903304
ck_fd038a7d33a9d6e5,0.0018046464729985618
ck_c8198cb4c461304f,0.020845594731005022
ck_1e7de58822000dea,0.0024265434465030444
ck_b2a79dd3df560f14,0.020439978800823148
ck_74a06f347b32347f,0.004230002642672823
ck_c6fdb2972417c9bd,0.0054148850556398932
ck_d7607a213b800bfb,0.017835863669795275
ck_df65967b8b40319c,0.00093409937598029115
ck_329a73dbd585ee09,0.0029488089908786784
ck_74991a9e85c3b07d,0.0063797511643077292
ck_bb76609b79e0bc9f,0.008513079834163037
ck_f7fc1bd0b9ab1fa4,0.014628700454591675
ck_d111c98b36bdb791,0.0029984014281632691
ck_f07e27d125497b66,0.0058216000141567414
ck_093e3a7134e11d6b,0.001220792044753356
ck_862c7953bdea48b0,0.0054283587839495367
ck_392cf2cdd515c34d,0.0030951707252017263
ck_80eb91b0b4001084,0.029079968740768569
ck_5923f53b77193a58,0.086157595526157857
ck_8049f5fce32be185,0.76946994184675765
ck_ebc5a2c6cf88e252,0.019965185594929203
ck_9ea5872f14cce338,0.0074901357266794364
ck_f7fbc95ebf584379,0.0056158984164844114
ck_bafe82c870356706,0.98703112701633877
ck_278b36c5932d9bff,0.00067226635315303126
ck_6a892dd5d05c1649,0.0037512212839893692
ck_0734fd90b2cabd43,0.0055727926243378922
ck_9b552204498b6762,0.030278616306201142
ck_f6c909c205767956,0.048136310118265926
ck_32f590e87bc3d715,0.00064356164103444369
ck_66a8325f28be7562,0.0031084682309822529
ck_b129261da9c3c3c9,0.0025859494247468693
ck_a524071c51ddde20,0.012967164087271211
ck_ba576d6d4cb6130b,0.086130082179256981
ck_8d8226520722af78,0.010759613931172024
ck_c5b0f0d4f1655a20,0.017189158609656571
ck_61814ae9b6d8eab1,0.001730202609943996
ck_382ebf136f7fa337,0.15130821667302935
ck_423ff4ede6a9f066,0.010458938563353648
ck_546ad962d04b7de4,0.97773764292324616
ck_9473ea4a01c95f9a,0.019126942426494622
ck_9eb1da8cd35a50ce,0.00735490233836417
ck_de5eaa2cdbcb67ff,0.079177604665262288
ck_537cc97d0398c922,0.20840459696112468
ck_998475a2e4dfad4e,0.0035628092097370698
ck_e62eb708d2688fae,0.01096529388032445
ck_ea623358f704daa7,0.061759039318628611
ck_b911a09f328dfd4b,0.0011406124006913783
ck_4b3506b624e5193c,0.020459830468044848
ck_448456f96788713b,0.017220089741562482
ck_5d5ef9e75f65d076,0.0377083488507685
ck_3b74512f774a6e5a,0.010615376574706681
ck_a032e8ac1507c6df,0.5272141262380533
ck_7e2d6b22a0ae20c2,0.014856503193153105
ck_d80283209c963f11,0.005155104083618375
ck_d1157eade2ac3975,0.0085418155862209619
ck_be48f583f79427f7,0.025772228952623912
ck_0027b5d4107d65d8,0.014730329349928196
ck_94fff69584dd3b2a,0.010608595637492437
ck_75fcda73f0b43557,0.0072014611901500443
ck_a1c78972e4ee4082,0.010307123073486864
ck_f0982bbdbd122f91,0.010109211518033921
ck_3199b471575aeb3a,0.0031375506997157222
ck_7fa947a0b1c1cf74,0.01320580352842704
ck_a60c618b7f0e4252,0.0031165349416156884
ck_722ac47c8ac9b6c3,0.32709434187437864
ck_d44dc3839a195c8a,0.019857602198968878
ck_a2c3e82fab520483,0.0075263060953450599
ck_6f8ae0319c07cafe,0.0013617966299356381
ck_49886ff1e2c759d6,0.018917335822519483
ck_150a1108f936e6b0,0.0034152144915579295
ck_e21f9f96f597695b,0.0063025595208949835
ck_7297bff2b7fdcbc8,0.00068771100931605241
ck_ee949c71f4f702eb,0.95265626028106876
ck_6fc37dea4b4f35c6,0.054832440014547873
ck_e76257caa98dc25d,0.98648421622285443
ck_828eef2334e17b3a,0.014632915703214219
ck_604e1b8a8c693aa7,0.0020743917979182515
ck_7743c9fe037d1f9e,0.0058674928255862437
ck_864a11202e19e812,0.15473682208778497
ck_4ec040b9e3785e4a,0.0040975594392571911
ck_7346e4f820d9c00a,0.79193895392433333
ck_48d4d63beb26b623,0.0027045282581073158
ck_c423aa6de3ed1e01,0.0042425309012721164
ck_d74b2ead8aaa3f73,0.015277043310215246
ck_1dd69a11daa7bf1a,0.0098080333344421084
ck_d9143e236eef177f,0.0098345196235710662
ck_f790d91e5ff0eccd,0.14985918510338436
ck_69b5620e00ef5dec,0.0015689213530538022
ck_cd32e58e8a1c0e85,0.0078373744982793182
ck_064013b0957d87a5,0.99074272297524391
ck_a481385c2e60dc4a,0.0051995337956930229
ck_d72035cb29db3aa4,0.011976769229473508
ck_3759939a0205306d,0.0032216434464198695
ck_f437a53fc832ec95,0.83334928929480367
ck_260ef2f3e6434819,0.043197677406705159
ck_35e411b05d22f663,0.0065799798561110984
ck_8bf46e472f3e20de,0.055212445061260579
ck_d546994fc5d3e9d1,0.0087231939588923203
ck_6ff0fc7487e737e7,0.37130173179423054
ck_5c67f27816ae0b6f,0.01494477167309006
ck_c5517923458106ae,0.0048013085223353475
ck_d9735647a6b0b0a7,0.67393223741471153
ck_541a734fc457246f,0.018162706289157109
ck_2f6a639468f41043,0.002646429520277039
ck_bea2cf7a6b7bb900,0.004464684718420129
ck_7eebd0e6ad6c070e,0.0022873750944725092
ck_b64c87d5e3b10e6a,0.5838862036892245
ck_9dd7daacb7833233,0.003477071858856891
ck_396e9ea9a6c6d7d9,0.011096121852555242
ck_1645e6cc53fa99ff,0.011112908810744289
ck_ea2a83ccb8d57490,0.0019393981104260118
ck_e64f0df63e1be595,0.020447133180493703
ck_fa0b234481cb57d3,0.018165629324153255
ck_63379e3c9fe6f711,0.0079625199698065453
ck_c67f7944896a0310,0.035134473778595014
ck_c10e54c9db29e6ef,0.99108965085923584
ck_7184ad7709ae4c80,0.013903346477184692
ck_f8b6069d7577fde6,0.001401804541908245
ck_18444be153bac1ca,0.85284714459414768
ck_d0982b4e0e118e4d,0.0076785962217484263
ck_6faf3e6820398866,0.0092247535608600412
ck_97e980463aca4644,0.0033979622528507577
ck_630c835243c66b19,0.97605639499218388
ck_fe429ba3e1aa0e4f,0.016170111582083466
ck_1058129ed7b48c59,0.0092650319178172527
ck_04a1a46f07885296,0.0071298087857988484
ck_f01e94331067edf6,0.0070926902268814741
ck_77b2fb17c29f5e72,0.010336586853507187
ck_4f0c5857da45fb28,0.041816760392348107
ck_2cfb9a7775e8a5bc,0.89014640116527011
ck_6846100e43659bf3,0.0023894687901558102
ck_f89719a854fe11d7,0.02711842776233165
ck_bf47375e41ca3bc0,0.0018097364740755487
ck_2770b0400a7bef08,0.032440272966225758
ck_2a09d142de1c77ff,0.010022298527088721
ck_857a1f5547b9ad68,0.016061636989777427
ck_185f15b1523bbcf4,0.0018985558678227083
ck_ab2aed614ec1cdf8,0.030769672180872433
ck_a9e7f3b2d5dfd97b,0.0061348993551743084
ck_0eeb3d9b3e697edb,0.011545668670673366
ck_fa5830d81bc8ddc1,0.0018801229811655417
ck_231ae0329ebc3220,0.0014757934749477478
ck_1587763dd54688c9,0.0024514775886928957
ck_9f85fea4490c00cf,0.0043385294110110141
ck_a2d709e7eb91e4af,0.046228589243700574
ck_43637d28c7216453,0.0023158913248073083
ck_f3ab5dd853d38252,0.028312391067176
ck_4a1f0172d3bf4fd3,0.005254765336193349
ck_517620ca16505af0,0.0045685364819433617
ck_9ae904fbef56065c,0.00093707524607706107
ck_d5ef1f6e34bb35b8,0.031966124574953701
ck_ff42557857ae3aeb,0.0019177556517412648
ck_ad9a18f58589faa7,0.0025457692885683123
ck_df1a6edaa3e6b271,0.0046799009472760838
ck_99021fe7225b5a68,0.019855231097688674
ck_99e52c3c2530b69e,0.98884443956089241
ck_3a4811dc4a1a891d,0.0031070225883218167
ck_ba3a6be026c87079,0.0019825620651929957
ck_da6d1e5cf6aba6fd,0.0024992172071775748
ck_ddc7c1f3d45fe6e6,0.01636212876320298
ck_e1b1e7a7e4a15b3e,0.0024134835771276245
ck_8288f7f226e08b89,0.0045357121411446219
ck_c4524993ec31dbe5,0.0014310694009989017
ck_8b19bb5b23b6741c,0.013934412401746966
ck_d21b38231a8a9f4a,0.066292075383426102
ck_3f730318a9792292,0.01140080656276043
ck_a4db6e94a8f77f9d,0.042894756051193583
ck_a8cac8d480306839,0.00096477623173215612
ck_5472214011fbc2a7,0.0035969789528871692
ck_7356f47dbbbe7904,0.0020227537141571791
ck_16801e628e883d78,0.014279319643858767
ck_0dc1e536231c4860,0.02486756077335827
ck_7cd0634a6e60af83,0.0088348257142423677
ck_ef6f8e048ae1bd4b,0.0074374247833817004
ck_82f3f744209888ac,0.034697785133115833
ck_f33188c232a03526,0.20273889324023631
ck_4a59f4e10bf45d7f,0.0013463734785093961
ck_d96c893721385e4e,0.0011141428864314602
ck_f65ab819373edb37,0.014544697717232519
ck_21cac21fc10b7768,0.0028188526686072934
ck_139b54e6ccbdd7da,0.12503939970648184
ck_d6f5c8741697abb3,0.012578046782845863
ck_a28d9bb5590d458f,0.11885916151600073
ck_ed26d906883bea0a,0.0038509156819364005
ck_227602ad072b838b,0.0014667569761015349
ck_39d5f6c17c745ab1,0.00087613090342911323
ck_744eade757ba69b5,0.013038277040967085
ck_c1295d97cdf35ec2,0.0070434955572663488
ck_69105f881da3c821,0.0084006902747623298
ck_933789b55361d7c1,0.92578367185138455
ck_b667952253503174,0.0023300428132535687
ck_7bf668e25abeeb05,0.0041751445648546218
ck_91742711dfdffd56,0.0098516649632090798
ck_af32a0660090dd68,0.012478205116818311
ck_2122f201e65f76ee,0.01096656126654115
ck_f48acb73a5d6af07,0.013677107099287211
ck_337c5684510cf432,0.026824055979262525
ck_f7bde7265053364d,0.0048138361187059454
ck_c190c7b924edba75,0.012273520351811154
ck_044fa3b3a003f0b5,0.016964169205161944
ck_87eb43e3b9d96169,0.10389562482578503
ck_2d3d6c9364362017,0.00096954968885839686
ck_ac55dc6cbcdf8228,0.0056713103890233879
ck_61d7b0568ec5d6cf,0.041063224813062439
ck_89c74feeaffa7d09,0.001292708109080663
ck_93776b0c113f41f0,0.12429840079556354
ck_15e0b679931f7a8d,0.0047063358426717387
ck_77b56c49cfdb1d81,0.091473603080536398
ck_73188a826b5f499f,0.00280830107583133
ck_4f463ef25325ddfa,0.51555493743628955
ck_863db2e394dc47d1,0.97792493057229046
ck_d52432ed597f3cc9,0.0040149692321719156
ck_04fb61e5739642f8,0.11627219987471535
ck_2e481d75d110c06d,0.10062369892197214
ck_3fa1a523d77cd619,0.0088757107815155677
ck_466dc6274fecd708,0.0022485837632190797
ck_e1790b3aa2241b10,0.66410917150690696
ck_84ad096a46e1a960,0.01661291041148678
ck_3be72c9c178fa00d,0.024072729747728339
ck_5a17c89219d1d9fe,0.013015553133711544
ck_4f639f4ee6ce8d9e,0.045623833038063111
ck_f4ec4a935e51b4db,0.022541879358929026
ck_f04040a830f92bac,0.0081805373133572255
ck_3e4d02a04be2aaf8,0.039629158392982394
ck_4d1baef193cfb900,0.010992104501332697
ck_0fb3153d37626b75,0.0011542602495678363
ck_88ec57a11b11f702,0.78886140622750323
ck_dca9dc465f759db4,0.0016140285699425391
ck_64f5fba6af67e024,0.0084814010338729231
ck_896096cb167254ef,0.031472249801710789
ck_7878679065876b98,0.011606060376340897
ck_fe8e5a6c880ceb4e,0.0043530122046647468
ck_a5e036327d3d1862,0.00068720187082820579
ck_310f73940fc4cf4f,0.041660044527049217
ck_46a8db16ad00b749,0.038157707546695778
ck_0d33977c3de8cfaf,0.99459793538276187
ck_c6fff412f531db0f,0.00076390135655482125
ck_bac6dadf428eaea9,0.020321946587364869
ck_1b96d9af0d7da2d5,0.0068101148829705369
ck_fa8a4a9e77799fcc,0.0018283179728396496
ck_0bf48607a874b4d1,0.0022383094595177606
ck_eeb75f8a6439f65e,0.012596009588096427
ck_a209a5f7d172125e,0.0057417159474695695
ck_8f346b72fb40bf14,0.002463989630574833
ck_bccbf9fef367f00f,0.009095617129283768
ck_2d1548f1ee405cc9,0.014859328132753317
ck_e8298ff2dc1e9d50,0.0027930275859727295
ck_77c0fb524edb4a94,0.0047901071726351866
ck_28ac4c5134cb8e77,0.016392405628040303
ck_db23a0e3e54be60c,0.45250959776701133
ck_a059d00cee5cee99,0.0013282973535243404
ck_3e9e3bba8bd363af,0.0019736557686623846
ck_0428728df24cdab4,0.0019957878206717863
ck_88cd35378075c84f,0.00075062010999054675
ck_0174d76398d9dc0f,0.025603765983128607
ck_3f1287e6c27de0dc,0.0096649596540581261
ck_ff822700f3605e06,0.99636973854438327
ck_4563227b2038ae07,0.11876717369420992
ck_788e78065526ee19,0.012558147839567031
ck_8a16eb584093b12f,0.0012033734707210312
ck_cc276f71ab6c08fd,0.043725434666855217
ck_d61d97b21002f3e9,0.020408296890387999
ck_4b2e87d86a5e415c,0.044074227776919078
ck_3e6f35e4500d2f2a,0.0022115835183091812
ck_3acdb083e0d8ad61,0.0011139420005261684
ck_cd655202db489010,0.00099128138499601217
ck_829cbf5ccda481ae,0.0039151045654728248
ck_f5882e6f98b8b4cd,0.00082067963965567754
ck_767947540b234add,0.0057446162970398165
ck_a6e8e8f535b1f1d1,0.020884791309674328
ck_58412a2674fea506,0.0073286449383615504
ck_fae7e518a585fa61,0.015367208629953388
ck_9c60ae6958d68dbd,0.053148666396992568
ck_328696b8f5e54ec6,0.064268020025528574
ck_7df3f8f4f1068d62,0.0028891630788111474
ck_cfadd21458230ef7,0.007298262241983852
ck_7048bedd554c703b,0.0047925656811930685
ck_50422466f145bfd7,0.001303296245436092
ck_61e1f7168cd9ff25,0.035467963605160059
ck_733aff0f56f5b3c9,0.025853130353712964
ck_e14892e424180549,0.001310340317893512
ck_03f6664a96de7d0f,0.0097302239954230405
ck_b7f4baa2cc82fe61,0.0048591262213322746
ck_1e51199a075ca0fa,0.0030912404742795725
ck_0e70516fa07cfb17,0.85035800618998436
ck_0f37c554a5057801,0.86885541841819713
ck_5576b725de38d106,0.0068440032211938466
ck_82f360df1e9f4eb8,0.026640826246979575
ck_395f3bd4aacd7ca6,0.017922310461030599
ck_5e8e857b63966609,0.36285786432665684
ck_93470896f0804b6b,0.94570202232566236
ck_3be854e42e76569a,0.0029990304416054481
ck_0567302c57a2417e,0.033011716763854018
ck_ee535461b5f05539,0.22952037875878942
ck_94a096c36162a153,0.0049275411546627641
ck_dfc8f5c141fd7c63,0.012398289728614816
ck_98b34f2d704c1c2a,0.014355163644324254
ck_96dff7a09d45f116,0.020087337156091539
ck_79557434c129ba52,0.0049585992902355649
ck_4596624a7c01d501,0.0093327799051499283
ck_04e89fbd739243fa,0.0017608473839284323
ck_6149ffaf18872dc8,0.00089573759560140995
ck_cd78f0832a09bd8f,0.50262367709738409
ck_7e29c10d781c3b41,0.0041408934174507507
ck_1f7ee7b23fc6f2f4,0.0017737630861963489
ck_c49b685d2b3ab89a,0.0043744806948862831
ck_84569a8fc50e73ac,0.0080198047205082574
ck_b92b11d205af91eb,0.00073228852368815479
ck_06280e6d6d2485b0,0.0035224730742977536
ck_3c08546dd0c92863,0.0088450608050086501
ck_99d3983f907828bf,0.0053656250522387816
ck_eccfd552aa652d3c,0.010874818060180459
ck_0cff8153881875ba,0.0097140902983004363
ck_c1aebbeca6ab5ff9,0.0050667974804834799
ck_538fdbbb3c2bcbbb,0.016563612606267597
ck_8c0210322733c718,0.0058599463137986342
ck_0b0c93039f987abc,0.0044996942287279231
ck_6d07d6d1bd227d37,0.16383624813259304
ck_9b6ee35e8cd0b11c,0.0037204814016898752
ck_d838491d3d4f5ecf,0.0043664475869531118
ck_0593ae243a9ebee9,0.007734979870513102
ck_ef261fc09be8eb0b,0.001826523689868922
ck_d0935b571a4a3868,0.0179431701014208
ck_97d04a67a104af39,0.072005060052140052
ck_e25f70d0b7229420,0.020742875811294297
ck_9b71274ff83de482,0.99401061756727149
ck_6de2aa2bb60978d3,0.010675161712349893
ck_eda55c8fb47593d7,0.0073564064716557884
ck_924e572517515f19,0.39348315509994858
ck_d6f27eacbad310f4,0.0072138114520848527
ck_8550f229b5eb03ab,0.0018484636040977526
ck_e3e95546a84d0ed8,0.029281306294223736
ck_3135c019696ee6af,0.9495448655859986
ck_41ba315d8fccb559,0.0055437050488521423
ck_72b86e4485da2d0f,0.98016536112935526
ck_daaa995f3c2f0e47,0.015945033240956214
ck_053746067839696b,0.017448570423308461
ck_a15fe7d0f4b65c33,0.24685357497765764
ck_15de11438732bb05,0.0050009707545161895
ck_2c4d25acbe3fabd9,0.0027201902725589693
ck_7f08078908599bd2,0.013260594421736806
ck_e794741742fb2619,0.0052089534838379815
ck_238e53b6dee8c301,0.001922387592047181
ck_53a6a33060d5c8b8,0.004557944696797718
ck_0e0919292ad33472,0.72428932946508362
ck_d86ccf148c06c8c8,0.086183250401533629
ck_c881f26c9bf9ae42,0.56649587115267108
ck_4b0947bf94e9d847,0.017199993189850556
ck_e10ff5c38bd18470,0.008012128997372657
ck_b60de9e97aad9e45,0.76770389497799219
ck_190bc849e5ff5401,0.017048815537694117
ck_e7be077aa0b2632c,0.0056135366559735399
ck_a51abde881ebeff3,0.010020574610619091
ck_2208392a9f6bd249,0.018788246255116412
ck_0259da8f109017e9,0.001500191547891224
ck_05e01ab9c95449da,0.0049948597683984056
ck_c82897ebffb6ae66,0.0042699324859036686
ck_b4a6bb4689cd7cfa,0.021840152455584051
ck_9e21ea33018ce538,0.010869733709524407
ck_caa348f0e65db062,0.97197357005614471
ck_a964e6b5d8415334,0.42001996527676277
ck_510bfbbee37ff436,0.013514815810291712
ck_9741a82faf5c7889,0.021388662338477738
ck_e7f61b4a39ba98ac,0.00071079999170972641
ck_069d158665a53909,0.0096614542673962005
ck_6426427efe3228af,0.01409784521491686
ck_ab4a8d02ec3c0fd7,0.00091799715861096728
ck_aefa0d8d933e0eca,0.012253436079843614
ck_232325ef6bce92f1,0.004062407512975626
ck_14e58c3fb26a2b4d,0.012388808967464419
ck_06e73afdec26aecc,0.19916890309460517
ck_3168f4f2778d64e1,0.011691069121292946
ck_ff3998d6858daa21,0.001787396799727675
ck_bccff46fb0868454,0.094378273018772871
ck_c7d444d90fa86d7c,0.47992567825072796
ck_f0bc3bdee6bfbb94,0.019933436504743801
ck_f7112818a6d81422,0.037133006208719475
ck_aca35dbcb835ad02,0.0063900339171059873
ck_f637fabf0f60528f,0.0044695694336340137
ck_53d17ab97de1ac3e,0.0026536485430950713
ck_c8c1bf16d9113493,0.052188688011417003
ck_e842fb0cf055a83b,0.02523820185932554
ck_93c0cb3dac4891fe,0.007353972399594056
ck_0c1f088e17e46daf,0.023128087219902178
ck_8f4b384955bf57c9,0.0048927308714202906
ck_09cd5c4df1e81ac2,0.092339906947751543
ck_1e832a5b2342554f,0.027206612427284102
ck_2cb763a881aee27f,0.0015511305030705799
ck_5875828b11406398,0.0059825427193335784
ck_48e84b0cb0b90fa7,0.013849754552268799
ck_833688de8629c5c0,0.002154563313563793
ck_117d78ccd5820f36,0.0088469099490553604
ck_668ec61c4c39cae3,0.0020008263563789704
ck_73a7794b659d7a34,0.00333980199428129
ck_10f90d879209734f,0.0091460205301818753
ck_d1d079913aa158bf,0.0027040656779865379
ck_01c631b38e8a9535,0.0015353405006635248
ck_f6923088c17a04e2,0.032570457084652907
ck_b447badc9138987d,0.00058576809721285308
ck_8b772caed8f1541c,0.003190108634313348
ck_5403c76fe68a08ba,0.62965867772994821
ck_3e6833574edf1736,0.013451323883817624
ck_e527fbb9450a4581,0.87229544680846138
ck_cc90e219f1ebf390,0.0010832691607101516
